Corresponding to Fig. 1c,,
Cell,Cluster,Organ
forebrain_E9.5_embryo2_sc85,HC,forebrain
forebrain_E10.5_embryo2_sc2,HC,forebrain
forebrain_E10.5_embryo2_sc5,HC,forebrain
forebrain_E10.5_embryo2_sc8,HC,forebrain
forebrain_E10.5_embryo2_sc9,HC,forebrain
forebrain_E10.5_embryo1_sc65,HC,forebrain
forebrain_E10.5_embryo1_sc70,HC,forebrain
forebrain_E10.5_embryo1_sc74,HC,forebrain
forebrain_E10.5_embryo1_sc76,HC,forebrain
forebrain_E10.5_embryo1_sc85,HC,forebrain
forebrain_E10.5_embryo1_sc86,HC,forebrain
forebrain_E10.5_embryo1_sc87,HC,forebrain
forebrain_E10.5_embryo1_sc90,HC,forebrain
forebrain_E10.5_embryo1_sc92,HC,forebrain
forebrain_E10.5_embryo1_sc95,HC,forebrain
forebrain_E10.5_embryo1_sc96,HC,forebrain
forebrain_E11.5_embryo1_sc26,HC,forebrain
heart_E9.5_embryo1_sc14,HC,heart
heart_E9.5_embryo1_sc16,HC,heart
heart_E9.5_embryo1_sc28,HC,heart
heart_E9.5_embryo2_sc44,HC,heart
heart_E9.5_embryo2_sc69,HC,heart
heart_E10.5_embryo1_sc13,HC,heart
heart_E10.5_embryo1_sc15,HC,heart
heart_E10.5_embryo1_sc28,HC,heart
heart_E10.5_embryo1_sc37,HC,heart
heart_E10.5_embryo2_sc62,HC,heart
heart_E11.5_embryo1_sc3,HC,heart
heart_E11.5_embryo1_sc25,HC,heart
heart_E11.5_embryo1_sc27,HC,heart
heart_E11.5_embryo1_sc36,HC,heart
heart_E11.5_embryo2_sc56,HC,heart
heart_E11.5_embryo2_sc86,HC,heart
intestine_E10.5_embryo2_sc53,HC,intestine
liver_E9.5_embryo3_sc53,HC,liver
liver_E9.5_embryo3_sc58,HC,liver
liver_E9.5_embryo3_sc60,HC,liver
liver_E9.5_embryo3_sc66,HC,liver
liver_E9.5_embryo3_sc72,HC,liver
liver_E9.5_embryo3_sc74,HC,liver
liver_E9.5_embryo3_sc77,HC,liver
liver_E9.5_embryo3_sc78,HC,liver
liver_E9.5_embryo3_sc79,HC,liver
liver_E9.5_embryo3_sc83,HC,liver
liver_E9.5_embryo3_sc87,HC,liver
liver_E9.5_embryo3_sc90,HC,liver
liver_E9.5_embryo3_sc92,HC,liver
liver_E9.5_embryo3_sc93,HC,liver
liver_E9.5_embryo3_sc94,HC,liver
liver_E10.5_embryo1_sc1,HC,liver
liver_E10.5_embryo1_sc2,HC,liver
liver_E10.5_embryo1_sc3,HC,liver
liver_E10.5_embryo1_sc4,HC,liver
liver_E10.5_embryo1_sc5,HC,liver
liver_E10.5_embryo1_sc6,HC,liver
liver_E10.5_embryo1_sc7,HC,liver
liver_E10.5_embryo1_sc9,HC,liver
liver_E10.5_embryo1_sc10,HC,liver
liver_E10.5_embryo1_sc11,HC,liver
liver_E10.5_embryo1_sc12,HC,liver
liver_E10.5_embryo1_sc13,HC,liver
liver_E10.5_embryo1_sc14,HC,liver
liver_E10.5_embryo1_sc15,HC,liver
liver_E10.5_embryo1_sc16,HC,liver
liver_E10.5_embryo1_sc17,HC,liver
liver_E10.5_embryo1_sc18,HC,liver
liver_E10.5_embryo1_sc19,HC,liver
liver_E10.5_embryo1_sc20,HC,liver
liver_E10.5_embryo1_sc21,HC,liver
liver_E10.5_embryo1_sc22,HC,liver
liver_E10.5_embryo1_sc25,HC,liver
liver_E10.5_embryo1_sc26,HC,liver
liver_E10.5_embryo1_sc27,HC,liver
liver_E10.5_embryo1_sc28,HC,liver
liver_E10.5_embryo1_sc29,HC,liver
liver_E10.5_embryo1_sc30,HC,liver
liver_E10.5_embryo1_sc31,HC,liver
liver_E10.5_embryo1_sc32,HC,liver
liver_E10.5_embryo1_sc34,HC,liver
liver_E10.5_embryo1_sc35,HC,liver
liver_E10.5_embryo1_sc37,HC,liver
liver_E10.5_embryo1_sc38,HC,liver
liver_E10.5_embryo1_sc40,HC,liver
liver_E10.5_embryo1_sc41,HC,liver
liver_E10.5_embryo1_sc42,HC,liver
liver_E10.5_embryo1_sc43,HC,liver
liver_E10.5_embryo1_sc44,HC,liver
liver_E10.5_embryo1_sc47,HC,liver
liver_E10.5_embryo1_sc48,HC,liver
liver_E10.5_embryo2_sc49,HC,liver
liver_E10.5_embryo2_sc50,HC,liver
liver_E10.5_embryo2_sc51,HC,liver
liver_E10.5_embryo2_sc52,HC,liver
liver_E10.5_embryo2_sc53,HC,liver
liver_E10.5_embryo2_sc54,HC,liver
liver_E10.5_embryo2_sc55,HC,liver
liver_E10.5_embryo2_sc56,HC,liver
liver_E10.5_embryo2_sc58,HC,liver
liver_E10.5_embryo2_sc59,HC,liver
liver_E10.5_embryo2_sc60,HC,liver
liver_E10.5_embryo2_sc61,HC,liver
liver_E10.5_embryo2_sc62,HC,liver
liver_E10.5_embryo2_sc63,HC,liver
liver_E10.5_embryo2_sc64,HC,liver
liver_E10.5_embryo2_sc65,HC,liver
liver_E10.5_embryo2_sc67,HC,liver
liver_E10.5_embryo2_sc68,HC,liver
liver_E10.5_embryo2_sc71,HC,liver
liver_E10.5_embryo2_sc72,HC,liver
liver_E10.5_embryo2_sc73,HC,liver
liver_E10.5_embryo2_sc74,HC,liver
liver_E10.5_embryo2_sc75,HC,liver
liver_E10.5_embryo2_sc77,HC,liver
liver_E10.5_embryo2_sc78,HC,liver
liver_E10.5_embryo2_sc79,HC,liver
liver_E10.5_embryo2_sc80,HC,liver
liver_E10.5_embryo2_sc81,HC,liver
liver_E10.5_embryo2_sc82,HC,liver
liver_E10.5_embryo2_sc83,HC,liver
liver_E10.5_embryo2_sc84,HC,liver
liver_E10.5_embryo2_sc85,HC,liver
liver_E10.5_embryo2_sc87,HC,liver
liver_E10.5_embryo2_sc88,HC,liver
liver_E10.5_embryo2_sc89,HC,liver
liver_E10.5_embryo2_sc90,HC,liver
liver_E10.5_embryo2_sc91,HC,liver
liver_E10.5_embryo2_sc92,HC,liver
liver_E10.5_embryo2_sc93,HC,liver
liver_E10.5_embryo2_sc94,HC,liver
liver_E10.5_embryo2_sc95,HC,liver
liver_E10.5_embryo2_sc96,HC,liver
liver_E11.5_embryo1_sc2,HC,liver
liver_E11.5_embryo1_sc3,HC,liver
liver_E11.5_embryo1_sc4,HC,liver
liver_E11.5_embryo1_sc5,HC,liver
liver_E11.5_embryo1_sc6,HC,liver
liver_E11.5_embryo1_sc9,HC,liver
liver_E11.5_embryo1_sc10,HC,liver
liver_E11.5_embryo1_sc11,HC,liver
liver_E11.5_embryo1_sc12,HC,liver
liver_E11.5_embryo1_sc13,HC,liver
liver_E11.5_embryo1_sc14,HC,liver
liver_E11.5_embryo1_sc15,HC,liver
liver_E11.5_embryo1_sc16,HC,liver
liver_E11.5_embryo1_sc17,HC,liver
liver_E11.5_embryo1_sc18,HC,liver
liver_E11.5_embryo1_sc19,HC,liver
liver_E11.5_embryo1_sc20,HC,liver
liver_E11.5_embryo1_sc21,HC,liver
liver_E11.5_embryo1_sc22,HC,liver
liver_E11.5_embryo1_sc24,HC,liver
liver_E11.5_embryo1_sc25,HC,liver
liver_E11.5_embryo1_sc26,HC,liver
liver_E11.5_embryo1_sc27,HC,liver
liver_E11.5_embryo1_sc28,HC,liver
liver_E11.5_embryo1_sc29,HC,liver
liver_E11.5_embryo1_sc30,HC,liver
liver_E11.5_embryo1_sc31,HC,liver
liver_E11.5_embryo1_sc32,HC,liver
liver_E11.5_embryo1_sc33,HC,liver
liver_E11.5_embryo1_sc35,HC,liver
liver_E11.5_embryo1_sc36,HC,liver
liver_E11.5_embryo1_sc37,HC,liver
liver_E11.5_embryo1_sc38,HC,liver
liver_E11.5_embryo1_sc39,HC,liver
liver_E11.5_embryo1_sc40,HC,liver
liver_E11.5_embryo1_sc41,HC,liver
liver_E11.5_embryo1_sc42,HC,liver
liver_E11.5_embryo1_sc43,HC,liver
liver_E11.5_embryo1_sc44,HC,liver
liver_E11.5_embryo1_sc45,HC,liver
liver_E11.5_embryo1_sc46,HC,liver
liver_E11.5_embryo1_sc47,HC,liver
liver_E11.5_embryo2_sc49,HC,liver
liver_E11.5_embryo2_sc50,HC,liver
liver_E11.5_embryo2_sc51,HC,liver
liver_E11.5_embryo2_sc52,HC,liver
liver_E11.5_embryo2_sc53,HC,liver
liver_E11.5_embryo2_sc54,HC,liver
liver_E11.5_embryo2_sc55,HC,liver
liver_E11.5_embryo2_sc56,HC,liver
liver_E11.5_embryo2_sc57,HC,liver
liver_E11.5_embryo2_sc58,HC,liver
liver_E11.5_embryo2_sc60,HC,liver
liver_E11.5_embryo2_sc61,HC,liver
liver_E11.5_embryo2_sc62,HC,liver
liver_E11.5_embryo2_sc63,HC,liver
liver_E11.5_embryo2_sc64,HC,liver
liver_E11.5_embryo2_sc65,HC,liver
liver_E11.5_embryo2_sc66,HC,liver
liver_E11.5_embryo2_sc67,HC,liver
liver_E11.5_embryo2_sc68,HC,liver
liver_E11.5_embryo2_sc69,HC,liver
liver_E11.5_embryo2_sc70,HC,liver
liver_E11.5_embryo2_sc71,HC,liver
liver_E11.5_embryo2_sc72,HC,liver
liver_E11.5_embryo2_sc73,HC,liver
liver_E11.5_embryo2_sc75,HC,liver
liver_E11.5_embryo2_sc77,HC,liver
liver_E11.5_embryo2_sc78,HC,liver
liver_E11.5_embryo2_sc79,HC,liver
liver_E11.5_embryo2_sc81,HC,liver
liver_E11.5_embryo2_sc83,HC,liver
liver_E11.5_embryo2_sc84,HC,liver
liver_E11.5_embryo2_sc85,HC,liver
liver_E11.5_embryo2_sc86,HC,liver
liver_E11.5_embryo2_sc88,HC,liver
liver_E11.5_embryo2_sc89,HC,liver
liver_E11.5_embryo2_sc90,HC,liver
liver_E11.5_embryo2_sc91,HC,liver
liver_E11.5_embryo2_sc93,HC,liver
liver_E11.5_embryo2_sc94,HC,liver
liver_E11.5_embryo2_sc95,HC,liver
liver_E11.5_embryo2_sc96,HC,liver
lung_E9.5_embryo2_sc3,HC,lung
lung_E9.5_embryo2_sc5,HC,lung
lung_E9.5_embryo2_sc25,HC,lung
lung_E9.5_embryo2_sc28,HC,lung
lung_E9.5_embryo2_sc45,HC,lung
lung_E10.5_embryo2_sc11,HC,lung
lung_E11.5_embryo2_sc44,HC,lung
hindbrain_E9.5_embryo2_sc53,HC,hindbrain
hindbrain_E9.5_embryo2_sc55,HC,hindbrain
hindbrain_E9.5_embryo2_sc59,HC,hindbrain
hindbrain_E9.5_embryo2_sc64,HC,hindbrain
hindbrain_E9.5_embryo2_sc65,HC,hindbrain
hindbrain_E9.5_embryo2_sc66,HC,hindbrain
hindbrain_E9.5_embryo2_sc69,HC,hindbrain
hindbrain_E9.5_embryo2_sc71,HC,hindbrain
hindbrain_E9.5_embryo2_sc73,HC,hindbrain
hindbrain_E9.5_embryo2_sc87,HC,hindbrain
hindbrain_E10.5_embryo1_sc49,HC,hindbrain
hindbrain_E10.5_embryo2_sc66,HC,hindbrain
hindbrain_E11.5_embryo1_sc78,HC,hindbrain
hindbrain_E11.5_embryo1_sc80,HC,hindbrain
hindbrain_E11.5_embryo1_sc81,HC,hindbrain
hindbrain_E11.5_embryo1_sc82,HC,hindbrain
hindbrain_E11.5_embryo1_sc93,HC,hindbrain
skin_E9.5_embryo3_sc10,HC,skin
skin_E9.5_embryo3_sc22,HC,skin
skin_E9.5_embryo2_sc3,HC,skin
skin_E10.5_embryo1_sc2,HC,skin
skin_E10.5_embryo1_sc20,HC,skin
skin_E11.5_embryo2_sc11,HC,skin
skin_E11.5_embryo2_sc12,HC,skin
skin_E11.5_embryo2_sc27,HC,skin
skin_E11.5_embryo1_sc85,HC,skin
somite_E10.5_embryo2_sc67,HC,somite
somite_E10.5_embryo2_sc75,HC,somite
forebrain_E9.5_embryo1_sc2,NC,forebrain
forebrain_E9.5_embryo1_sc3,NC,forebrain
forebrain_E9.5_embryo1_sc4,NC,forebrain
forebrain_E9.5_embryo1_sc5,NC,forebrain
forebrain_E9.5_embryo1_sc6,NC,forebrain
forebrain_E9.5_embryo1_sc7,NC,forebrain
forebrain_E9.5_embryo1_sc8,NC,forebrain
forebrain_E9.5_embryo1_sc9,NC,forebrain
forebrain_E9.5_embryo1_sc10,NC,forebrain
forebrain_E9.5_embryo1_sc12,NC,forebrain
forebrain_E9.5_embryo1_sc13,NC,forebrain
forebrain_E9.5_embryo1_sc14,NC,forebrain
forebrain_E9.5_embryo1_sc15,NC,forebrain
forebrain_E9.5_embryo1_sc16,NC,forebrain
forebrain_E9.5_embryo1_sc17,NC,forebrain
forebrain_E9.5_embryo1_sc18,NC,forebrain
forebrain_E9.5_embryo1_sc19,NC,forebrain
forebrain_E9.5_embryo1_sc20,NC,forebrain
forebrain_E9.5_embryo1_sc21,NC,forebrain
forebrain_E9.5_embryo1_sc22,NC,forebrain
forebrain_E9.5_embryo1_sc24,NC,forebrain
forebrain_E9.5_embryo1_sc25,NC,forebrain
forebrain_E9.5_embryo1_sc26,NC,forebrain
forebrain_E9.5_embryo1_sc27,NC,forebrain
forebrain_E9.5_embryo1_sc28,NC,forebrain
forebrain_E9.5_embryo1_sc29,NC,forebrain
forebrain_E9.5_embryo1_sc30,NC,forebrain
forebrain_E9.5_embryo1_sc31,NC,forebrain
forebrain_E9.5_embryo1_sc32,NC,forebrain
forebrain_E9.5_embryo1_sc33,NC,forebrain
forebrain_E9.5_embryo1_sc35,NC,forebrain
forebrain_E9.5_embryo1_sc36,NC,forebrain
forebrain_E9.5_embryo1_sc37,NC,forebrain
forebrain_E9.5_embryo1_sc38,NC,forebrain
forebrain_E9.5_embryo1_sc39,NC,forebrain
forebrain_E9.5_embryo1_sc40,NC,forebrain
forebrain_E9.5_embryo1_sc41,NC,forebrain
forebrain_E9.5_embryo1_sc42,NC,forebrain
forebrain_E9.5_embryo1_sc43,NC,forebrain
forebrain_E9.5_embryo1_sc44,NC,forebrain
forebrain_E9.5_embryo1_sc45,NC,forebrain
forebrain_E9.5_embryo1_sc46,NC,forebrain
forebrain_E9.5_embryo1_sc47,NC,forebrain
forebrain_E9.5_embryo1_sc48,NC,forebrain
forebrain_E9.5_embryo1_sc49,NC,forebrain
forebrain_E9.5_embryo2_sc39,NC,forebrain
forebrain_E9.5_embryo2_sc40,NC,forebrain
forebrain_E9.5_embryo2_sc42,NC,forebrain
forebrain_E9.5_embryo2_sc43,NC,forebrain
forebrain_E9.5_embryo2_sc45,NC,forebrain
forebrain_E9.5_embryo2_sc46,NC,forebrain
forebrain_E9.5_embryo2_sc47,NC,forebrain
forebrain_E9.5_embryo2_sc48,NC,forebrain
forebrain_E9.5_embryo2_sc49,NC,forebrain
forebrain_E9.5_embryo2_sc50,NC,forebrain
forebrain_E9.5_embryo2_sc51,NC,forebrain
forebrain_E9.5_embryo2_sc52,NC,forebrain
forebrain_E9.5_embryo2_sc53,NC,forebrain
forebrain_E9.5_embryo2_sc54,NC,forebrain
forebrain_E9.5_embryo2_sc55,NC,forebrain
forebrain_E9.5_embryo2_sc56,NC,forebrain
forebrain_E9.5_embryo2_sc57,NC,forebrain
forebrain_E9.5_embryo2_sc58,NC,forebrain
forebrain_E9.5_embryo2_sc59,NC,forebrain
forebrain_E9.5_embryo2_sc60,NC,forebrain
forebrain_E9.5_embryo2_sc61,NC,forebrain
forebrain_E9.5_embryo2_sc62,NC,forebrain
forebrain_E9.5_embryo2_sc63,NC,forebrain
forebrain_E9.5_embryo2_sc64,NC,forebrain
forebrain_E9.5_embryo2_sc65,NC,forebrain
forebrain_E9.5_embryo2_sc66,NC,forebrain
forebrain_E9.5_embryo2_sc67,NC,forebrain
forebrain_E9.5_embryo2_sc68,NC,forebrain
forebrain_E9.5_embryo2_sc69,NC,forebrain
forebrain_E9.5_embryo2_sc70,NC,forebrain
forebrain_E9.5_embryo2_sc71,NC,forebrain
forebrain_E9.5_embryo2_sc72,NC,forebrain
forebrain_E9.5_embryo2_sc73,NC,forebrain
forebrain_E9.5_embryo2_sc74,NC,forebrain
forebrain_E9.5_embryo2_sc75,NC,forebrain
forebrain_E9.5_embryo2_sc76,NC,forebrain
forebrain_E9.5_embryo2_sc77,NC,forebrain
forebrain_E9.5_embryo2_sc79,NC,forebrain
forebrain_E9.5_embryo2_sc80,NC,forebrain
forebrain_E9.5_embryo2_sc81,NC,forebrain
forebrain_E9.5_embryo2_sc82,NC,forebrain
forebrain_E9.5_embryo2_sc84,NC,forebrain
forebrain_E9.5_embryo2_sc86,NC,forebrain
forebrain_E10.5_embryo2_sc1,NC,forebrain
forebrain_E10.5_embryo2_sc3,NC,forebrain
forebrain_E10.5_embryo2_sc4,NC,forebrain
forebrain_E10.5_embryo2_sc6,NC,forebrain
forebrain_E10.5_embryo2_sc7,NC,forebrain
forebrain_E10.5_embryo2_sc10,NC,forebrain
forebrain_E10.5_embryo2_sc11,NC,forebrain
forebrain_E10.5_embryo2_sc12,NC,forebrain
forebrain_E10.5_embryo2_sc13,NC,forebrain
forebrain_E10.5_embryo2_sc14,NC,forebrain
forebrain_E10.5_embryo2_sc15,NC,forebrain
forebrain_E10.5_embryo2_sc16,NC,forebrain
forebrain_E10.5_embryo2_sc17,NC,forebrain
forebrain_E10.5_embryo2_sc18,NC,forebrain
forebrain_E10.5_embryo2_sc19,NC,forebrain
forebrain_E10.5_embryo2_sc20,NC,forebrain
forebrain_E10.5_embryo2_sc21,NC,forebrain
forebrain_E10.5_embryo2_sc22,NC,forebrain
forebrain_E10.5_embryo2_sc24,NC,forebrain
forebrain_E10.5_embryo2_sc25,NC,forebrain
forebrain_E10.5_embryo2_sc26,NC,forebrain
forebrain_E10.5_embryo2_sc27,NC,forebrain
forebrain_E10.5_embryo2_sc28,NC,forebrain
forebrain_E10.5_embryo2_sc29,NC,forebrain
forebrain_E10.5_embryo2_sc30,NC,forebrain
forebrain_E10.5_embryo2_sc31,NC,forebrain
forebrain_E10.5_embryo2_sc32,NC,forebrain
forebrain_E10.5_embryo1_sc67,NC,forebrain
forebrain_E10.5_embryo1_sc71,NC,forebrain
forebrain_E10.5_embryo1_sc77,NC,forebrain
forebrain_E10.5_embryo1_sc78,NC,forebrain
forebrain_E10.5_embryo1_sc79,NC,forebrain
forebrain_E10.5_embryo1_sc80,NC,forebrain
forebrain_E10.5_embryo1_sc89,NC,forebrain
forebrain_E10.5_embryo1_sc91,NC,forebrain
forebrain_E10.5_embryo1_sc93,NC,forebrain
forebrain_E11.5_embryo1_sc1,NC,forebrain
forebrain_E11.5_embryo1_sc2,NC,forebrain
forebrain_E11.5_embryo1_sc3,NC,forebrain
forebrain_E11.5_embryo1_sc4,NC,forebrain
forebrain_E11.5_embryo1_sc5,NC,forebrain
forebrain_E11.5_embryo1_sc6,NC,forebrain
forebrain_E11.5_embryo1_sc7,NC,forebrain
forebrain_E11.5_embryo1_sc8,NC,forebrain
forebrain_E11.5_embryo1_sc9,NC,forebrain
forebrain_E11.5_embryo1_sc10,NC,forebrain
forebrain_E11.5_embryo1_sc11,NC,forebrain
forebrain_E11.5_embryo1_sc12,NC,forebrain
forebrain_E11.5_embryo1_sc13,NC,forebrain
forebrain_E11.5_embryo1_sc14,NC,forebrain
forebrain_E11.5_embryo1_sc15,NC,forebrain
forebrain_E11.5_embryo1_sc16,NC,forebrain
forebrain_E11.5_embryo1_sc17,NC,forebrain
forebrain_E11.5_embryo1_sc18,NC,forebrain
forebrain_E11.5_embryo1_sc19,NC,forebrain
forebrain_E11.5_embryo1_sc20,NC,forebrain
forebrain_E11.5_embryo1_sc21,NC,forebrain
forebrain_E11.5_embryo1_sc22,NC,forebrain
forebrain_E11.5_embryo1_sc24,NC,forebrain
forebrain_E11.5_embryo1_sc25,NC,forebrain
forebrain_E11.5_embryo1_sc27,NC,forebrain
forebrain_E11.5_embryo1_sc28,NC,forebrain
forebrain_E11.5_embryo1_sc29,NC,forebrain
forebrain_E11.5_embryo1_sc30,NC,forebrain
forebrain_E11.5_embryo1_sc31,NC,forebrain
forebrain_E11.5_embryo1_sc32,NC,forebrain
forebrain_E11.5_embryo2_sc33,NC,forebrain
forebrain_E11.5_embryo2_sc36,NC,forebrain
forebrain_E11.5_embryo2_sc37,NC,forebrain
forebrain_E11.5_embryo2_sc38,NC,forebrain
forebrain_E11.5_embryo2_sc39,NC,forebrain
forebrain_E11.5_embryo2_sc40,NC,forebrain
forebrain_E11.5_embryo2_sc41,NC,forebrain
forebrain_E11.5_embryo2_sc42,NC,forebrain
forebrain_E11.5_embryo2_sc43,NC,forebrain
forebrain_E11.5_embryo2_sc44,NC,forebrain
forebrain_E11.5_embryo2_sc45,NC,forebrain
forebrain_E11.5_embryo2_sc46,NC,forebrain
forebrain_E11.5_embryo2_sc47,NC,forebrain
forebrain_E11.5_embryo2_sc48,NC,forebrain
forebrain_E11.5_embryo2_sc49,NC,forebrain
forebrain_E11.5_embryo2_sc50,NC,forebrain
forebrain_E11.5_embryo2_sc51,NC,forebrain
forebrain_E11.5_embryo2_sc52,NC,forebrain
forebrain_E11.5_embryo2_sc53,NC,forebrain
forebrain_E11.5_embryo2_sc54,NC,forebrain
forebrain_E11.5_embryo2_sc55,NC,forebrain
forebrain_E11.5_embryo2_sc56,NC,forebrain
forebrain_E11.5_embryo2_sc57,NC,forebrain
forebrain_E11.5_embryo2_sc58,NC,forebrain
forebrain_E11.5_embryo2_sc59,NC,forebrain
forebrain_E11.5_embryo2_sc60,NC,forebrain
forebrain_E11.5_embryo2_sc61,NC,forebrain
forebrain_E11.5_embryo2_sc62,NC,forebrain
forebrain_E11.5_embryo2_sc63,NC,forebrain
forebrain_E11.5_embryo2_sc64,NC,forebrain
heart_E10.5_embryo2_sc51,NC,heart
heart_E10.5_embryo2_sc75,NC,heart
intestine_E9.5_embryo2_sc73,NC,intestine
intestine_E10.5_embryo1_sc14,NC,intestine
intestine_E11.5_embryo1_sc33,NC,intestine
hindbrain_E9.5_embryo1_sc31,NC,hindbrain
hindbrain_E9.5_embryo1_sc32,NC,hindbrain
hindbrain_E9.5_embryo1_sc33,NC,hindbrain
hindbrain_E9.5_embryo1_sc35,NC,hindbrain
hindbrain_E9.5_embryo1_sc36,NC,hindbrain
hindbrain_E9.5_embryo1_sc37,NC,hindbrain
hindbrain_E9.5_embryo1_sc38,NC,hindbrain
hindbrain_E9.5_embryo1_sc39,NC,hindbrain
hindbrain_E9.5_embryo1_sc40,NC,hindbrain
hindbrain_E9.5_embryo1_sc41,NC,hindbrain
hindbrain_E9.5_embryo1_sc42,NC,hindbrain
hindbrain_E9.5_embryo1_sc43,NC,hindbrain
hindbrain_E9.5_embryo1_sc44,NC,hindbrain
hindbrain_E9.5_embryo1_sc45,NC,hindbrain
hindbrain_E9.5_embryo1_sc46,NC,hindbrain
hindbrain_E9.5_embryo1_sc47,NC,hindbrain
hindbrain_E9.5_embryo1_sc48,NC,hindbrain
hindbrain_E9.5_embryo1_sc49,NC,hindbrain
hindbrain_E9.5_embryo1_sc50,NC,hindbrain
hindbrain_E9.5_embryo1_sc51,NC,hindbrain
hindbrain_E9.5_embryo1_sc52,NC,hindbrain
hindbrain_E9.5_embryo1_sc53,NC,hindbrain
hindbrain_E9.5_embryo1_sc54,NC,hindbrain
hindbrain_E9.5_embryo1_sc55,NC,hindbrain
hindbrain_E9.5_embryo1_sc56,NC,hindbrain
hindbrain_E9.5_embryo1_sc57,NC,hindbrain
hindbrain_E9.5_embryo1_sc58,NC,hindbrain
hindbrain_E9.5_embryo1_sc59,NC,hindbrain
hindbrain_E9.5_embryo1_sc60,NC,hindbrain
hindbrain_E9.5_embryo1_sc61,NC,hindbrain
hindbrain_E9.5_embryo1_sc62,NC,hindbrain
hindbrain_E9.5_embryo1_sc63,NC,hindbrain
hindbrain_E9.5_embryo1_sc64,NC,hindbrain
hindbrain_E9.5_embryo1_sc65,NC,hindbrain
hindbrain_E9.5_embryo1_sc66,NC,hindbrain
hindbrain_E9.5_embryo1_sc67,NC,hindbrain
hindbrain_E9.5_embryo1_sc68,NC,hindbrain
hindbrain_E9.5_embryo1_sc69,NC,hindbrain
hindbrain_E9.5_embryo1_sc70,NC,hindbrain
hindbrain_E9.5_embryo1_sc71,NC,hindbrain
hindbrain_E9.5_embryo1_sc72,NC,hindbrain
hindbrain_E9.5_embryo1_sc73,NC,hindbrain
hindbrain_E9.5_embryo1_sc74,NC,hindbrain
hindbrain_E9.5_embryo2_sc51,NC,hindbrain
hindbrain_E9.5_embryo2_sc52,NC,hindbrain
hindbrain_E9.5_embryo2_sc54,NC,hindbrain
hindbrain_E9.5_embryo2_sc56,NC,hindbrain
hindbrain_E9.5_embryo2_sc57,NC,hindbrain
hindbrain_E9.5_embryo2_sc58,NC,hindbrain
hindbrain_E9.5_embryo2_sc60,NC,hindbrain
hindbrain_E9.5_embryo2_sc61,NC,hindbrain
hindbrain_E9.5_embryo2_sc62,NC,hindbrain
hindbrain_E9.5_embryo2_sc63,NC,hindbrain
hindbrain_E9.5_embryo2_sc68,NC,hindbrain
hindbrain_E9.5_embryo2_sc70,NC,hindbrain
hindbrain_E9.5_embryo2_sc72,NC,hindbrain
hindbrain_E9.5_embryo2_sc74,NC,hindbrain
hindbrain_E9.5_embryo2_sc75,NC,hindbrain
hindbrain_E9.5_embryo2_sc76,NC,hindbrain
hindbrain_E9.5_embryo2_sc77,NC,hindbrain
hindbrain_E9.5_embryo2_sc78,NC,hindbrain
hindbrain_E9.5_embryo2_sc79,NC,hindbrain
hindbrain_E9.5_embryo2_sc80,NC,hindbrain
hindbrain_E9.5_embryo2_sc81,NC,hindbrain
hindbrain_E9.5_embryo2_sc82,NC,hindbrain
hindbrain_E9.5_embryo2_sc83,NC,hindbrain
hindbrain_E9.5_embryo2_sc84,NC,hindbrain
hindbrain_E9.5_embryo2_sc85,NC,hindbrain
hindbrain_E9.5_embryo2_sc88,NC,hindbrain
hindbrain_E9.5_embryo2_sc89,NC,hindbrain
hindbrain_E9.5_embryo2_sc90,NC,hindbrain
hindbrain_E9.5_embryo2_sc91,NC,hindbrain
hindbrain_E9.5_embryo2_sc92,NC,hindbrain
hindbrain_E9.5_embryo2_sc93,NC,hindbrain
hindbrain_E9.5_embryo2_sc94,NC,hindbrain
hindbrain_E10.5_embryo1_sc33,NC,hindbrain
hindbrain_E10.5_embryo1_sc35,NC,hindbrain
hindbrain_E10.5_embryo1_sc36,NC,hindbrain
hindbrain_E10.5_embryo1_sc37,NC,hindbrain
hindbrain_E10.5_embryo1_sc38,NC,hindbrain
hindbrain_E10.5_embryo1_sc39,NC,hindbrain
hindbrain_E10.5_embryo1_sc40,NC,hindbrain
hindbrain_E10.5_embryo1_sc41,NC,hindbrain
hindbrain_E10.5_embryo1_sc42,NC,hindbrain
hindbrain_E10.5_embryo1_sc43,NC,hindbrain
hindbrain_E10.5_embryo1_sc44,NC,hindbrain
hindbrain_E10.5_embryo1_sc45,NC,hindbrain
hindbrain_E10.5_embryo1_sc46,NC,hindbrain
hindbrain_E10.5_embryo1_sc47,NC,hindbrain
hindbrain_E10.5_embryo1_sc48,NC,hindbrain
hindbrain_E10.5_embryo1_sc50,NC,hindbrain
hindbrain_E10.5_embryo1_sc51,NC,hindbrain
hindbrain_E10.5_embryo1_sc52,NC,hindbrain
hindbrain_E10.5_embryo1_sc53,NC,hindbrain
hindbrain_E10.5_embryo1_sc54,NC,hindbrain
hindbrain_E10.5_embryo1_sc55,NC,hindbrain
hindbrain_E10.5_embryo1_sc56,NC,hindbrain
hindbrain_E10.5_embryo1_sc57,NC,hindbrain
hindbrain_E10.5_embryo1_sc58,NC,hindbrain
hindbrain_E10.5_embryo1_sc59,NC,hindbrain
hindbrain_E10.5_embryo1_sc60,NC,hindbrain
hindbrain_E10.5_embryo1_sc61,NC,hindbrain
hindbrain_E10.5_embryo1_sc62,NC,hindbrain
hindbrain_E10.5_embryo1_sc63,NC,hindbrain
hindbrain_E10.5_embryo1_sc64,NC,hindbrain
hindbrain_E10.5_embryo2_sc67,NC,hindbrain
hindbrain_E10.5_embryo2_sc68,NC,hindbrain
hindbrain_E10.5_embryo2_sc70,NC,hindbrain
hindbrain_E10.5_embryo2_sc71,NC,hindbrain
hindbrain_E10.5_embryo2_sc72,NC,hindbrain
hindbrain_E10.5_embryo2_sc74,NC,hindbrain
hindbrain_E10.5_embryo2_sc75,NC,hindbrain
hindbrain_E10.5_embryo2_sc76,NC,hindbrain
hindbrain_E10.5_embryo2_sc77,NC,hindbrain
hindbrain_E10.5_embryo2_sc78,NC,hindbrain
hindbrain_E10.5_embryo2_sc79,NC,hindbrain
hindbrain_E10.5_embryo2_sc80,NC,hindbrain
hindbrain_E10.5_embryo2_sc81,NC,hindbrain
hindbrain_E10.5_embryo2_sc82,NC,hindbrain
hindbrain_E10.5_embryo2_sc83,NC,hindbrain
hindbrain_E10.5_embryo2_sc84,NC,hindbrain
hindbrain_E10.5_embryo2_sc85,NC,hindbrain
hindbrain_E10.5_embryo2_sc86,NC,hindbrain
hindbrain_E10.5_embryo2_sc87,NC,hindbrain
hindbrain_E10.5_embryo2_sc88,NC,hindbrain
hindbrain_E10.5_embryo2_sc89,NC,hindbrain
hindbrain_E10.5_embryo2_sc90,NC,hindbrain
hindbrain_E10.5_embryo2_sc91,NC,hindbrain
hindbrain_E10.5_embryo2_sc92,NC,hindbrain
hindbrain_E10.5_embryo2_sc93,NC,hindbrain
hindbrain_E10.5_embryo2_sc94,NC,hindbrain
hindbrain_E10.5_embryo2_sc95,NC,hindbrain
hindbrain_E10.5_embryo2_sc96,NC,hindbrain
hindbrain_E11.5_embryo2_sc1,NC,hindbrain
hindbrain_E11.5_embryo2_sc2,NC,hindbrain
hindbrain_E11.5_embryo2_sc3,NC,hindbrain
hindbrain_E11.5_embryo2_sc4,NC,hindbrain
hindbrain_E11.5_embryo2_sc5,NC,hindbrain
hindbrain_E11.5_embryo2_sc6,NC,hindbrain
hindbrain_E11.5_embryo2_sc7,NC,hindbrain
hindbrain_E11.5_embryo2_sc9,NC,hindbrain
hindbrain_E11.5_embryo2_sc10,NC,hindbrain
hindbrain_E11.5_embryo2_sc11,NC,hindbrain
hindbrain_E11.5_embryo2_sc12,NC,hindbrain
hindbrain_E11.5_embryo2_sc13,NC,hindbrain
hindbrain_E11.5_embryo2_sc14,NC,hindbrain
hindbrain_E11.5_embryo2_sc15,NC,hindbrain
hindbrain_E11.5_embryo2_sc16,NC,hindbrain
hindbrain_E11.5_embryo2_sc17,NC,hindbrain
hindbrain_E11.5_embryo2_sc18,NC,hindbrain
hindbrain_E11.5_embryo2_sc25,NC,hindbrain
hindbrain_E11.5_embryo2_sc26,NC,hindbrain
hindbrain_E11.5_embryo2_sc27,NC,hindbrain
hindbrain_E11.5_embryo2_sc28,NC,hindbrain
hindbrain_E11.5_embryo2_sc29,NC,hindbrain
hindbrain_E11.5_embryo2_sc30,NC,hindbrain
hindbrain_E11.5_embryo2_sc31,NC,hindbrain
hindbrain_E11.5_embryo2_sc32,NC,hindbrain
hindbrain_E11.5_embryo1_sc65,NC,hindbrain
hindbrain_E11.5_embryo1_sc66,NC,hindbrain
hindbrain_E11.5_embryo1_sc67,NC,hindbrain
hindbrain_E11.5_embryo1_sc68,NC,hindbrain
hindbrain_E11.5_embryo1_sc69,NC,hindbrain
hindbrain_E11.5_embryo1_sc70,NC,hindbrain
hindbrain_E11.5_embryo1_sc71,NC,hindbrain
hindbrain_E11.5_embryo1_sc72,NC,hindbrain
hindbrain_E11.5_embryo1_sc73,NC,hindbrain
hindbrain_E11.5_embryo1_sc74,NC,hindbrain
hindbrain_E11.5_embryo1_sc75,NC,hindbrain
hindbrain_E11.5_embryo1_sc76,NC,hindbrain
hindbrain_E11.5_embryo1_sc77,NC,hindbrain
hindbrain_E11.5_embryo1_sc79,NC,hindbrain
hindbrain_E11.5_embryo1_sc83,NC,hindbrain
hindbrain_E11.5_embryo1_sc84,NC,hindbrain
hindbrain_E11.5_embryo1_sc85,NC,hindbrain
hindbrain_E11.5_embryo1_sc86,NC,hindbrain
hindbrain_E11.5_embryo1_sc87,NC,hindbrain
hindbrain_E11.5_embryo1_sc88,NC,hindbrain
hindbrain_E11.5_embryo1_sc89,NC,hindbrain
hindbrain_E11.5_embryo1_sc90,NC,hindbrain
hindbrain_E11.5_embryo1_sc91,NC,hindbrain
hindbrain_E11.5_embryo1_sc92,NC,hindbrain
hindbrain_E11.5_embryo1_sc94,NC,hindbrain
hindbrain_E11.5_embryo1_sc95,NC,hindbrain
hindbrain_E11.5_embryo1_sc96,NC,hindbrain
somite_E9.5_embryo2_sc2,NC,somite
somite_E9.5_embryo2_sc3,NC,somite
somite_E9.5_embryo2_sc11,NC,somite
somite_E9.5_embryo2_sc14,NC,somite
somite_E9.5_embryo2_sc18,NC,somite
somite_E9.5_embryo2_sc19,NC,somite
somite_E9.5_embryo2_sc22,NC,somite
somite_E9.5_embryo2_sc26,NC,somite
somite_E9.5_embryo2_sc36,NC,somite
somite_E9.5_embryo2_sc38,NC,somite
heart_E10.5_embryo2_sc53,EC,heart
intestine_E9.5_embryo3_sc33,EC,intestine
intestine_E9.5_embryo3_sc37,EC,intestine
intestine_E9.5_embryo3_sc38,EC,intestine
intestine_E9.5_embryo3_sc39,EC,intestine
intestine_E9.5_embryo3_sc40,EC,intestine
intestine_E9.5_embryo3_sc41,EC,intestine
intestine_E9.5_embryo3_sc43,EC,intestine
intestine_E9.5_embryo3_sc44,EC,intestine
intestine_E9.5_embryo3_sc46,EC,intestine
intestine_E9.5_embryo3_sc47,EC,intestine
intestine_E9.5_embryo3_sc48,EC,intestine
intestine_E9.5_embryo3_sc49,EC,intestine
intestine_E9.5_embryo3_sc50,EC,intestine
intestine_E9.5_embryo3_sc57,EC,intestine
intestine_E9.5_embryo3_sc58,EC,intestine
intestine_E9.5_embryo1_sc5,EC,intestine
intestine_E9.5_embryo1_sc8,EC,intestine
intestine_E9.5_embryo1_sc9,EC,intestine
intestine_E9.5_embryo1_sc10,EC,intestine
intestine_E9.5_embryo1_sc11,EC,intestine
intestine_E9.5_embryo2_sc51,EC,intestine
intestine_E9.5_embryo2_sc53,EC,intestine
intestine_E9.5_embryo2_sc54,EC,intestine
intestine_E9.5_embryo2_sc55,EC,intestine
intestine_E9.5_embryo2_sc56,EC,intestine
intestine_E9.5_embryo2_sc57,EC,intestine
intestine_E9.5_embryo2_sc59,EC,intestine
intestine_E9.5_embryo2_sc60,EC,intestine
intestine_E9.5_embryo2_sc67,EC,intestine
intestine_E9.5_embryo2_sc68,EC,intestine
intestine_E9.5_embryo2_sc69,EC,intestine
intestine_E9.5_embryo2_sc70,EC,intestine
intestine_E9.5_embryo2_sc71,EC,intestine
intestine_E9.5_embryo2_sc72,EC,intestine
intestine_E9.5_embryo2_sc74,EC,intestine
intestine_E9.5_embryo2_sc75,EC,intestine
intestine_E9.5_embryo2_sc77,EC,intestine
intestine_E9.5_embryo2_sc78,EC,intestine
intestine_E9.5_embryo2_sc80,EC,intestine
intestine_E9.5_embryo2_sc82,EC,intestine
intestine_E9.5_embryo2_sc84,EC,intestine
intestine_E9.5_embryo2_sc85,EC,intestine
intestine_E9.5_embryo2_sc86,EC,intestine
intestine_E9.5_embryo2_sc87,EC,intestine
intestine_E9.5_embryo2_sc88,EC,intestine
intestine_E9.5_embryo2_sc89,EC,intestine
intestine_E9.5_embryo2_sc90,EC,intestine
intestine_E9.5_embryo2_sc91,EC,intestine
intestine_E9.5_embryo2_sc92,EC,intestine
intestine_E9.5_embryo2_sc93,EC,intestine
intestine_E9.5_embryo2_sc94,EC,intestine
intestine_E10.5_embryo1_sc2,EC,intestine
intestine_E10.5_embryo1_sc4,EC,intestine
intestine_E10.5_embryo1_sc8,EC,intestine
intestine_E10.5_embryo1_sc9,EC,intestine
intestine_E10.5_embryo1_sc10,EC,intestine
intestine_E10.5_embryo1_sc11,EC,intestine
intestine_E10.5_embryo1_sc13,EC,intestine
intestine_E10.5_embryo1_sc18,EC,intestine
intestine_E10.5_embryo1_sc24,EC,intestine
intestine_E10.5_embryo1_sc30,EC,intestine
intestine_E10.5_embryo2_sc33,EC,intestine
intestine_E10.5_embryo2_sc36,EC,intestine
intestine_E10.5_embryo2_sc37,EC,intestine
intestine_E10.5_embryo2_sc38,EC,intestine
intestine_E10.5_embryo2_sc41,EC,intestine
intestine_E10.5_embryo2_sc45,EC,intestine
intestine_E10.5_embryo2_sc50,EC,intestine
intestine_E10.5_embryo2_sc61,EC,intestine
intestine_E10.5_embryo2_sc62,EC,intestine
intestine_E10.5_embryo2_sc64,EC,intestine
intestine_E11.5_embryo1_sc35,EC,intestine
intestine_E11.5_embryo1_sc36,EC,intestine
intestine_E11.5_embryo1_sc37,EC,intestine
intestine_E11.5_embryo1_sc40,EC,intestine
intestine_E11.5_embryo1_sc41,EC,intestine
intestine_E11.5_embryo1_sc42,EC,intestine
intestine_E11.5_embryo1_sc43,EC,intestine
intestine_E11.5_embryo1_sc44,EC,intestine
intestine_E11.5_embryo1_sc45,EC,intestine
intestine_E11.5_embryo1_sc47,EC,intestine
intestine_E11.5_embryo1_sc48,EC,intestine
intestine_E11.5_embryo1_sc49,EC,intestine
intestine_E11.5_embryo1_sc50,EC,intestine
intestine_E11.5_embryo1_sc51,EC,intestine
intestine_E11.5_embryo1_sc52,EC,intestine
intestine_E11.5_embryo1_sc54,EC,intestine
intestine_E11.5_embryo1_sc56,EC,intestine
intestine_E11.5_embryo1_sc58,EC,intestine
intestine_E11.5_embryo1_sc59,EC,intestine
intestine_E11.5_embryo1_sc62,EC,intestine
intestine_E11.5_embryo1_sc63,EC,intestine
intestine_E11.5_embryo1_sc64,EC,intestine
intestine_E11.5_embryo2_sc65,EC,intestine
intestine_E11.5_embryo2_sc68,EC,intestine
intestine_E11.5_embryo2_sc69,EC,intestine
intestine_E11.5_embryo2_sc70,EC,intestine
intestine_E11.5_embryo2_sc71,EC,intestine
intestine_E11.5_embryo2_sc73,EC,intestine
intestine_E11.5_embryo2_sc74,EC,intestine
intestine_E11.5_embryo2_sc75,EC,intestine
intestine_E11.5_embryo2_sc76,EC,intestine
intestine_E11.5_embryo2_sc78,EC,intestine
intestine_E11.5_embryo2_sc79,EC,intestine
intestine_E11.5_embryo2_sc80,EC,intestine
intestine_E11.5_embryo2_sc82,EC,intestine
intestine_E11.5_embryo2_sc83,EC,intestine
intestine_E11.5_embryo2_sc85,EC,intestine
intestine_E11.5_embryo2_sc86,EC,intestine
intestine_E11.5_embryo2_sc87,EC,intestine
intestine_E11.5_embryo2_sc88,EC,intestine
intestine_E11.5_embryo2_sc89,EC,intestine
intestine_E11.5_embryo2_sc90,EC,intestine
intestine_E11.5_embryo2_sc91,EC,intestine
intestine_E11.5_embryo2_sc94,EC,intestine
intestine_E11.5_embryo2_sc95,EC,intestine
intestine_E11.5_embryo2_sc96,EC,intestine
liver_E9.5_embryo3_sc49,EC,liver
liver_E9.5_embryo3_sc50,EC,liver
liver_E9.5_embryo3_sc55,EC,liver
liver_E9.5_embryo3_sc57,EC,liver
liver_E9.5_embryo3_sc64,EC,liver
liver_E9.5_embryo3_sc67,EC,liver
liver_E9.5_embryo3_sc84,EC,liver
liver_E9.5_embryo3_sc85,EC,liver
liver_E9.5_embryo3_sc95,EC,liver
liver_E9.5_embryo3_sc96,EC,liver
liver_E9.5_embryo1_sc55,EC,liver
liver_E9.5_embryo1_sc61,EC,liver
liver_E9.5_embryo1_sc62,EC,liver
liver_E9.5_embryo1_sc63,EC,liver
liver_E9.5_embryo1_sc64,EC,liver
liver_E9.5_embryo1_sc68,EC,liver
liver_E9.5_embryo1_sc73,EC,liver
liver_E9.5_embryo1_sc74,EC,liver
liver_E9.5_embryo1_sc81,EC,liver
liver_E9.5_embryo2_sc1,EC,liver
liver_E9.5_embryo2_sc4,EC,liver
liver_E9.5_embryo2_sc5,EC,liver
liver_E9.5_embryo2_sc6,EC,liver
liver_E9.5_embryo2_sc7,EC,liver
liver_E9.5_embryo2_sc9,EC,liver
liver_E9.5_embryo2_sc13,EC,liver
liver_E9.5_embryo2_sc14,EC,liver
liver_E9.5_embryo2_sc16,EC,liver
liver_E9.5_embryo2_sc19,EC,liver
liver_E9.5_embryo2_sc20,EC,liver
liver_E9.5_embryo2_sc35,EC,liver
liver_E9.5_embryo2_sc40,EC,liver
liver_E9.5_embryo2_sc45,EC,liver
liver_E9.5_embryo2_sc48,EC,liver
liver_E9.5_embryo2_sc49,EC,liver
liver_E10.5_embryo1_sc8,EC,liver
liver_E10.5_embryo1_sc24,EC,liver
liver_E10.5_embryo1_sc39,EC,liver
liver_E10.5_embryo1_sc46,EC,liver
liver_E10.5_embryo2_sc57,EC,liver
liver_E10.5_embryo2_sc66,EC,liver
liver_E10.5_embryo2_sc69,EC,liver
liver_E10.5_embryo2_sc76,EC,liver
liver_E11.5_embryo2_sc59,EC,liver
liver_E11.5_embryo2_sc74,EC,liver
liver_E11.5_embryo2_sc80,EC,liver
liver_E11.5_embryo2_sc82,EC,liver
liver_E11.5_embryo2_sc92,EC,liver
lung_E9.5_embryo3_sc3,EC,lung
lung_E9.5_embryo3_sc14,EC,lung
lung_E9.5_embryo3_sc15,EC,lung
lung_E9.5_embryo3_sc28,EC,lung
lung_E9.5_embryo3_sc29,EC,lung
lung_E9.5_embryo3_sc30,EC,lung
lung_E9.5_embryo3_sc32,EC,lung
lung_E9.5_embryo3_sc35,EC,lung
lung_E9.5_embryo3_sc37,EC,lung
lung_E9.5_embryo3_sc41,EC,lung
lung_E9.5_embryo3_sc43,EC,lung
lung_E9.5_embryo3_sc44,EC,lung
lung_E9.5_embryo3_sc45,EC,lung
lung_E9.5_embryo2_sc1,EC,lung
lung_E9.5_embryo2_sc21,EC,lung
lung_E9.5_embryo2_sc40,EC,lung
lung_E10.5_embryo2_sc1,EC,lung
lung_E10.5_embryo2_sc2,EC,lung
lung_E10.5_embryo2_sc3,EC,lung
lung_E10.5_embryo2_sc5,EC,lung
lung_E10.5_embryo2_sc14,EC,lung
lung_E10.5_embryo2_sc16,EC,lung
lung_E10.5_embryo2_sc19,EC,lung
lung_E10.5_embryo2_sc21,EC,lung
lung_E10.5_embryo2_sc24,EC,lung
lung_E10.5_embryo2_sc25,EC,lung
lung_E10.5_embryo2_sc28,EC,lung
lung_E10.5_embryo2_sc29,EC,lung
lung_E10.5_embryo2_sc31,EC,lung
lung_E10.5_embryo1_sc71,EC,lung
lung_E10.5_embryo1_sc75,EC,lung
lung_E10.5_embryo1_sc78,EC,lung
lung_E10.5_embryo1_sc84,EC,lung
lung_E10.5_embryo1_sc86,EC,lung
lung_E10.5_embryo1_sc94,EC,lung
lung_E11.5_embryo1_sc3,EC,lung
lung_E11.5_embryo1_sc6,EC,lung
lung_E11.5_embryo1_sc7,EC,lung
lung_E11.5_embryo1_sc8,EC,lung
lung_E11.5_embryo1_sc9,EC,lung
lung_E11.5_embryo1_sc10,EC,lung
lung_E11.5_embryo1_sc12,EC,lung
lung_E11.5_embryo1_sc14,EC,lung
lung_E11.5_embryo1_sc16,EC,lung
lung_E11.5_embryo1_sc17,EC,lung
lung_E11.5_embryo1_sc18,EC,lung
lung_E11.5_embryo1_sc19,EC,lung
lung_E11.5_embryo1_sc21,EC,lung
lung_E11.5_embryo1_sc22,EC,lung
lung_E11.5_embryo1_sc24,EC,lung
lung_E11.5_embryo1_sc25,EC,lung
lung_E11.5_embryo1_sc27,EC,lung
lung_E11.5_embryo1_sc28,EC,lung
lung_E11.5_embryo1_sc29,EC,lung
lung_E11.5_embryo1_sc31,EC,lung
lung_E11.5_embryo1_sc32,EC,lung
lung_E11.5_embryo2_sc40,EC,lung
lung_E11.5_embryo2_sc58,EC,lung
lung_E11.5_embryo2_sc60,EC,lung
skin_E9.5_embryo3_sc1,EC,skin
skin_E9.5_embryo3_sc4,EC,skin
skin_E9.5_embryo3_sc7,EC,skin
skin_E9.5_embryo3_sc9,EC,skin
skin_E9.5_embryo3_sc16,EC,skin
skin_E9.5_embryo3_sc17,EC,skin
skin_E9.5_embryo3_sc19,EC,skin
skin_E9.5_embryo3_sc20,EC,skin
skin_E9.5_embryo3_sc25,EC,skin
skin_E9.5_embryo3_sc26,EC,skin
skin_E9.5_embryo3_sc32,EC,skin
skin_E9.5_embryo2_sc16,EC,skin
skin_E9.5_embryo2_sc18,EC,skin
skin_E9.5_embryo2_sc20,EC,skin
skin_E9.5_embryo2_sc30,EC,skin
skin_E9.5_embryo2_sc31,EC,skin
skin_E9.5_embryo2_sc32,EC,skin
skin_E9.5_embryo2_sc35,EC,skin
skin_E10.5_embryo1_sc3,EC,skin
skin_E10.5_embryo1_sc9,EC,skin
skin_E10.5_embryo1_sc11,EC,skin
skin_E10.5_embryo1_sc21,EC,skin
skin_E10.5_embryo1_sc25,EC,skin
skin_E10.5_embryo1_sc27,EC,skin
skin_E10.5_embryo1_sc29,EC,skin
skin_E10.5_embryo2_sc34,EC,skin
skin_E10.5_embryo2_sc36,EC,skin
skin_E10.5_embryo2_sc37,EC,skin
skin_E10.5_embryo2_sc38,EC,skin
skin_E10.5_embryo2_sc39,EC,skin
skin_E10.5_embryo2_sc41,EC,skin
skin_E10.5_embryo2_sc44,EC,skin
skin_E10.5_embryo2_sc45,EC,skin
skin_E10.5_embryo2_sc46,EC,skin
skin_E10.5_embryo2_sc47,EC,skin
skin_E10.5_embryo2_sc49,EC,skin
skin_E10.5_embryo2_sc53,EC,skin
skin_E10.5_embryo2_sc54,EC,skin
skin_E10.5_embryo2_sc59,EC,skin
skin_E10.5_embryo2_sc63,EC,skin
skin_E11.5_embryo2_sc1,EC,skin
skin_E11.5_embryo2_sc2,EC,skin
skin_E11.5_embryo2_sc3,EC,skin
skin_E11.5_embryo2_sc4,EC,skin
skin_E11.5_embryo2_sc5,EC,skin
skin_E11.5_embryo2_sc6,EC,skin
skin_E11.5_embryo2_sc7,EC,skin
skin_E11.5_embryo2_sc9,EC,skin
skin_E11.5_embryo2_sc10,EC,skin
skin_E11.5_embryo2_sc13,EC,skin
skin_E11.5_embryo2_sc14,EC,skin
skin_E11.5_embryo2_sc17,EC,skin
skin_E11.5_embryo2_sc18,EC,skin
skin_E11.5_embryo2_sc19,EC,skin
skin_E11.5_embryo2_sc20,EC,skin
skin_E11.5_embryo2_sc21,EC,skin
skin_E11.5_embryo2_sc24,EC,skin
skin_E11.5_embryo2_sc25,EC,skin
skin_E11.5_embryo2_sc26,EC,skin
skin_E11.5_embryo2_sc28,EC,skin
skin_E11.5_embryo2_sc30,EC,skin
skin_E11.5_embryo2_sc31,EC,skin
skin_E11.5_embryo2_sc32,EC,skin
skin_E11.5_embryo1_sc65,EC,skin
skin_E11.5_embryo1_sc70,EC,skin
skin_E11.5_embryo1_sc74,EC,skin
skin_E11.5_embryo1_sc76,EC,skin
skin_E11.5_embryo1_sc77,EC,skin
skin_E11.5_embryo1_sc78,EC,skin
skin_E11.5_embryo1_sc79,EC,skin
skin_E11.5_embryo1_sc80,EC,skin
skin_E11.5_embryo1_sc84,EC,skin
skin_E11.5_embryo1_sc86,EC,skin
skin_E11.5_embryo1_sc87,EC,skin
skin_E11.5_embryo1_sc88,EC,skin
skin_E11.5_embryo1_sc90,EC,skin
skin_E11.5_embryo1_sc91,EC,skin
skin_E11.5_embryo1_sc92,EC,skin
skin_E11.5_embryo1_sc93,EC,skin
skin_E11.5_embryo1_sc94,EC,skin
skin_E11.5_embryo1_sc95,EC,skin
skin_E11.5_embryo1_sc96,EC,skin
forebrain_E9.5_embryo2_sc41,MC,forebrain
forebrain_E9.5_embryo2_sc44,MC,forebrain
forebrain_E9.5_embryo2_sc83,MC,forebrain
forebrain_E10.5_embryo1_sc66,MC,forebrain
forebrain_E10.5_embryo1_sc68,MC,forebrain
forebrain_E10.5_embryo1_sc69,MC,forebrain
forebrain_E10.5_embryo1_sc72,MC,forebrain
forebrain_E10.5_embryo1_sc73,MC,forebrain
forebrain_E10.5_embryo1_sc75,MC,forebrain
forebrain_E10.5_embryo1_sc81,MC,forebrain
forebrain_E10.5_embryo1_sc83,MC,forebrain
forebrain_E10.5_embryo1_sc84,MC,forebrain
forebrain_E10.5_embryo1_sc94,MC,forebrain
heart_E9.5_embryo1_sc1,MC,heart
heart_E9.5_embryo1_sc2,MC,heart
heart_E9.5_embryo1_sc3,MC,heart
heart_E9.5_embryo1_sc4,MC,heart
heart_E9.5_embryo1_sc5,MC,heart
heart_E9.5_embryo1_sc6,MC,heart
heart_E9.5_embryo1_sc7,MC,heart
heart_E9.5_embryo1_sc8,MC,heart
heart_E9.5_embryo1_sc9,MC,heart
heart_E9.5_embryo1_sc10,MC,heart
heart_E9.5_embryo1_sc11,MC,heart
heart_E9.5_embryo1_sc12,MC,heart
heart_E9.5_embryo1_sc13,MC,heart
heart_E9.5_embryo1_sc15,MC,heart
heart_E9.5_embryo1_sc17,MC,heart
heart_E9.5_embryo1_sc18,MC,heart
heart_E9.5_embryo1_sc19,MC,heart
heart_E9.5_embryo1_sc20,MC,heart
heart_E9.5_embryo1_sc21,MC,heart
heart_E9.5_embryo1_sc22,MC,heart
heart_E9.5_embryo1_sc24,MC,heart
heart_E9.5_embryo1_sc25,MC,heart
heart_E9.5_embryo1_sc26,MC,heart
heart_E9.5_embryo1_sc27,MC,heart
heart_E9.5_embryo1_sc29,MC,heart
heart_E9.5_embryo1_sc30,MC,heart
heart_E9.5_embryo1_sc31,MC,heart
heart_E9.5_embryo1_sc32,MC,heart
heart_E9.5_embryo1_sc33,MC,heart
heart_E9.5_embryo1_sc35,MC,heart
heart_E9.5_embryo1_sc36,MC,heart
heart_E9.5_embryo1_sc37,MC,heart
heart_E9.5_embryo1_sc38,MC,heart
heart_E9.5_embryo1_sc39,MC,heart
heart_E9.5_embryo1_sc40,MC,heart
heart_E9.5_embryo1_sc41,MC,heart
heart_E9.5_embryo1_sc42,MC,heart
heart_E9.5_embryo1_sc43,MC,heart
heart_E9.5_embryo1_sc44,MC,heart
heart_E9.5_embryo1_sc45,MC,heart
heart_E9.5_embryo1_sc46,MC,heart
heart_E9.5_embryo1_sc47,MC,heart
heart_E9.5_embryo1_sc48,MC,heart
heart_E9.5_embryo1_sc49,MC,heart
heart_E9.5_embryo1_sc50,MC,heart
heart_E9.5_embryo2_sc39,MC,heart
heart_E9.5_embryo2_sc40,MC,heart
heart_E9.5_embryo2_sc41,MC,heart
heart_E9.5_embryo2_sc42,MC,heart
heart_E9.5_embryo2_sc43,MC,heart
heart_E9.5_embryo2_sc45,MC,heart
heart_E9.5_embryo2_sc46,MC,heart
heart_E9.5_embryo2_sc48,MC,heart
heart_E9.5_embryo2_sc49,MC,heart
heart_E9.5_embryo2_sc50,MC,heart
heart_E9.5_embryo2_sc51,MC,heart
heart_E9.5_embryo2_sc52,MC,heart
heart_E9.5_embryo2_sc53,MC,heart
heart_E9.5_embryo2_sc54,MC,heart
heart_E9.5_embryo2_sc55,MC,heart
heart_E9.5_embryo2_sc56,MC,heart
heart_E9.5_embryo2_sc57,MC,heart
heart_E9.5_embryo2_sc58,MC,heart
heart_E9.5_embryo2_sc59,MC,heart
heart_E9.5_embryo2_sc60,MC,heart
heart_E9.5_embryo2_sc61,MC,heart
heart_E9.5_embryo2_sc62,MC,heart
heart_E9.5_embryo2_sc63,MC,heart
heart_E9.5_embryo2_sc64,MC,heart
heart_E9.5_embryo2_sc65,MC,heart
heart_E9.5_embryo2_sc66,MC,heart
heart_E9.5_embryo2_sc67,MC,heart
heart_E9.5_embryo2_sc68,MC,heart
heart_E9.5_embryo2_sc70,MC,heart
heart_E9.5_embryo2_sc71,MC,heart
heart_E9.5_embryo2_sc72,MC,heart
heart_E9.5_embryo2_sc73,MC,heart
heart_E9.5_embryo2_sc74,MC,heart
heart_E9.5_embryo2_sc75,MC,heart
heart_E9.5_embryo2_sc76,MC,heart
heart_E9.5_embryo2_sc77,MC,heart
heart_E9.5_embryo2_sc78,MC,heart
heart_E9.5_embryo2_sc79,MC,heart
heart_E9.5_embryo2_sc80,MC,heart
heart_E9.5_embryo2_sc81,MC,heart
heart_E9.5_embryo2_sc82,MC,heart
heart_E9.5_embryo2_sc83,MC,heart
heart_E9.5_embryo2_sc84,MC,heart
heart_E9.5_embryo2_sc85,MC,heart
heart_E9.5_embryo2_sc86,MC,heart
heart_E10.5_embryo1_sc1,MC,heart
heart_E10.5_embryo1_sc2,MC,heart
heart_E10.5_embryo1_sc3,MC,heart
heart_E10.5_embryo1_sc4,MC,heart
heart_E10.5_embryo1_sc5,MC,heart
heart_E10.5_embryo1_sc6,MC,heart
heart_E10.5_embryo1_sc9,MC,heart
heart_E10.5_embryo1_sc10,MC,heart
heart_E10.5_embryo1_sc11,MC,heart
heart_E10.5_embryo1_sc12,MC,heart
heart_E10.5_embryo1_sc17,MC,heart
heart_E10.5_embryo1_sc18,MC,heart
heart_E10.5_embryo1_sc20,MC,heart
heart_E10.5_embryo1_sc21,MC,heart
heart_E10.5_embryo1_sc22,MC,heart
heart_E10.5_embryo1_sc24,MC,heart
heart_E10.5_embryo1_sc25,MC,heart
heart_E10.5_embryo1_sc26,MC,heart
heart_E10.5_embryo1_sc27,MC,heart
heart_E10.5_embryo1_sc29,MC,heart
heart_E10.5_embryo1_sc30,MC,heart
heart_E10.5_embryo1_sc31,MC,heart
heart_E10.5_embryo1_sc32,MC,heart
heart_E10.5_embryo1_sc35,MC,heart
heart_E10.5_embryo1_sc38,MC,heart
heart_E10.5_embryo1_sc39,MC,heart
heart_E10.5_embryo1_sc40,MC,heart
heart_E10.5_embryo1_sc41,MC,heart
heart_E10.5_embryo1_sc42,MC,heart
heart_E10.5_embryo1_sc43,MC,heart
heart_E10.5_embryo1_sc44,MC,heart
heart_E10.5_embryo1_sc45,MC,heart
heart_E10.5_embryo1_sc46,MC,heart
heart_E10.5_embryo1_sc47,MC,heart
heart_E10.5_embryo1_sc48,MC,heart
heart_E10.5_embryo2_sc49,MC,heart
heart_E10.5_embryo2_sc50,MC,heart
heart_E10.5_embryo2_sc52,MC,heart
heart_E10.5_embryo2_sc54,MC,heart
heart_E10.5_embryo2_sc55,MC,heart
heart_E10.5_embryo2_sc56,MC,heart
heart_E10.5_embryo2_sc57,MC,heart
heart_E10.5_embryo2_sc58,MC,heart
heart_E10.5_embryo2_sc59,MC,heart
heart_E10.5_embryo2_sc60,MC,heart
heart_E10.5_embryo2_sc61,MC,heart
heart_E10.5_embryo2_sc63,MC,heart
heart_E10.5_embryo2_sc64,MC,heart
heart_E10.5_embryo2_sc65,MC,heart
heart_E10.5_embryo2_sc66,MC,heart
heart_E10.5_embryo2_sc67,MC,heart
heart_E10.5_embryo2_sc68,MC,heart
heart_E10.5_embryo2_sc69,MC,heart
heart_E10.5_embryo2_sc70,MC,heart
heart_E10.5_embryo2_sc71,MC,heart
heart_E10.5_embryo2_sc72,MC,heart
heart_E10.5_embryo2_sc73,MC,heart
heart_E10.5_embryo2_sc74,MC,heart
heart_E10.5_embryo2_sc76,MC,heart
heart_E10.5_embryo2_sc77,MC,heart
heart_E10.5_embryo2_sc78,MC,heart
heart_E10.5_embryo2_sc79,MC,heart
heart_E10.5_embryo2_sc80,MC,heart
heart_E10.5_embryo2_sc81,MC,heart
heart_E10.5_embryo2_sc82,MC,heart
heart_E10.5_embryo2_sc83,MC,heart
heart_E10.5_embryo2_sc84,MC,heart
heart_E10.5_embryo2_sc85,MC,heart
heart_E10.5_embryo2_sc86,MC,heart
heart_E10.5_embryo2_sc87,MC,heart
heart_E10.5_embryo2_sc88,MC,heart
heart_E10.5_embryo2_sc89,MC,heart
heart_E10.5_embryo2_sc90,MC,heart
heart_E10.5_embryo2_sc91,MC,heart
heart_E10.5_embryo2_sc92,MC,heart
heart_E10.5_embryo2_sc93,MC,heart
heart_E10.5_embryo2_sc94,MC,heart
heart_E10.5_embryo2_sc95,MC,heart
heart_E10.5_embryo2_sc96,MC,heart
heart_E11.5_embryo1_sc1,MC,heart
heart_E11.5_embryo1_sc2,MC,heart
heart_E11.5_embryo1_sc4,MC,heart
heart_E11.5_embryo1_sc5,MC,heart
heart_E11.5_embryo1_sc7,MC,heart
heart_E11.5_embryo1_sc10,MC,heart
heart_E11.5_embryo1_sc11,MC,heart
heart_E11.5_embryo1_sc12,MC,heart
heart_E11.5_embryo1_sc13,MC,heart
heart_E11.5_embryo1_sc15,MC,heart
heart_E11.5_embryo1_sc17,MC,heart
heart_E11.5_embryo1_sc18,MC,heart
heart_E11.5_embryo1_sc20,MC,heart
heart_E11.5_embryo1_sc21,MC,heart
heart_E11.5_embryo1_sc22,MC,heart
heart_E11.5_embryo1_sc24,MC,heart
heart_E11.5_embryo1_sc26,MC,heart
heart_E11.5_embryo1_sc28,MC,heart
heart_E11.5_embryo1_sc29,MC,heart
heart_E11.5_embryo1_sc30,MC,heart
heart_E11.5_embryo1_sc32,MC,heart
heart_E11.5_embryo1_sc33,MC,heart
heart_E11.5_embryo1_sc35,MC,heart
heart_E11.5_embryo1_sc37,MC,heart
heart_E11.5_embryo1_sc38,MC,heart
heart_E11.5_embryo1_sc39,MC,heart
heart_E11.5_embryo1_sc40,MC,heart
heart_E11.5_embryo1_sc41,MC,heart
heart_E11.5_embryo1_sc42,MC,heart
heart_E11.5_embryo1_sc43,MC,heart
heart_E11.5_embryo1_sc44,MC,heart
heart_E11.5_embryo1_sc45,MC,heart
heart_E11.5_embryo1_sc46,MC,heart
heart_E11.5_embryo1_sc47,MC,heart
heart_E11.5_embryo1_sc48,MC,heart
heart_E11.5_embryo2_sc49,MC,heart
heart_E11.5_embryo2_sc51,MC,heart
heart_E11.5_embryo2_sc52,MC,heart
heart_E11.5_embryo2_sc53,MC,heart
heart_E11.5_embryo2_sc54,MC,heart
heart_E11.5_embryo2_sc55,MC,heart
heart_E11.5_embryo2_sc58,MC,heart
heart_E11.5_embryo2_sc59,MC,heart
heart_E11.5_embryo2_sc61,MC,heart
heart_E11.5_embryo2_sc63,MC,heart
heart_E11.5_embryo2_sc65,MC,heart
heart_E11.5_embryo2_sc66,MC,heart
heart_E11.5_embryo2_sc67,MC,heart
heart_E11.5_embryo2_sc68,MC,heart
heart_E11.5_embryo2_sc69,MC,heart
heart_E11.5_embryo2_sc70,MC,heart
heart_E11.5_embryo2_sc71,MC,heart
heart_E11.5_embryo2_sc72,MC,heart
heart_E11.5_embryo2_sc73,MC,heart
heart_E11.5_embryo2_sc74,MC,heart
heart_E11.5_embryo2_sc75,MC,heart
heart_E11.5_embryo2_sc76,MC,heart
heart_E11.5_embryo2_sc82,MC,heart
heart_E11.5_embryo2_sc83,MC,heart
heart_E11.5_embryo2_sc84,MC,heart
heart_E11.5_embryo2_sc88,MC,heart
heart_E11.5_embryo2_sc89,MC,heart
heart_E11.5_embryo2_sc90,MC,heart
heart_E11.5_embryo2_sc91,MC,heart
heart_E11.5_embryo2_sc92,MC,heart
heart_E11.5_embryo2_sc93,MC,heart
heart_E11.5_embryo2_sc94,MC,heart
heart_E11.5_embryo2_sc95,MC,heart
heart_E11.5_embryo2_sc96,MC,heart
intestine_E9.5_embryo3_sc35,MC,intestine
intestine_E9.5_embryo3_sc36,MC,intestine
intestine_E9.5_embryo3_sc42,MC,intestine
intestine_E9.5_embryo3_sc45,MC,intestine
intestine_E9.5_embryo3_sc51,MC,intestine
intestine_E9.5_embryo3_sc52,MC,intestine
intestine_E9.5_embryo3_sc53,MC,intestine
intestine_E9.5_embryo3_sc54,MC,intestine
intestine_E9.5_embryo3_sc55,MC,intestine
intestine_E9.5_embryo3_sc56,MC,intestine
intestine_E9.5_embryo3_sc59,MC,intestine
intestine_E9.5_embryo3_sc60,MC,intestine
intestine_E9.5_embryo3_sc61,MC,intestine
intestine_E9.5_embryo3_sc62,MC,intestine
intestine_E9.5_embryo3_sc63,MC,intestine
intestine_E9.5_embryo3_sc64,MC,intestine
intestine_E9.5_embryo1_sc1,MC,intestine
intestine_E9.5_embryo1_sc2,MC,intestine
intestine_E9.5_embryo1_sc3,MC,intestine
intestine_E9.5_embryo1_sc4,MC,intestine
intestine_E9.5_embryo1_sc6,MC,intestine
intestine_E9.5_embryo1_sc7,MC,intestine
intestine_E9.5_embryo1_sc12,MC,intestine
intestine_E9.5_embryo2_sc52,MC,intestine
intestine_E9.5_embryo2_sc58,MC,intestine
intestine_E9.5_embryo2_sc61,MC,intestine
intestine_E9.5_embryo2_sc62,MC,intestine
intestine_E9.5_embryo2_sc63,MC,intestine
intestine_E9.5_embryo2_sc64,MC,intestine
intestine_E9.5_embryo2_sc65,MC,intestine
intestine_E9.5_embryo2_sc66,MC,intestine
intestine_E9.5_embryo2_sc76,MC,intestine
intestine_E9.5_embryo2_sc79,MC,intestine
intestine_E9.5_embryo2_sc81,MC,intestine
intestine_E9.5_embryo2_sc83,MC,intestine
intestine_E10.5_embryo1_sc1,MC,intestine
intestine_E10.5_embryo1_sc3,MC,intestine
intestine_E10.5_embryo1_sc5,MC,intestine
intestine_E10.5_embryo1_sc6,MC,intestine
intestine_E10.5_embryo1_sc7,MC,intestine
intestine_E10.5_embryo1_sc12,MC,intestine
intestine_E10.5_embryo1_sc15,MC,intestine
intestine_E10.5_embryo1_sc16,MC,intestine
intestine_E10.5_embryo1_sc17,MC,intestine
intestine_E10.5_embryo1_sc19,MC,intestine
intestine_E10.5_embryo1_sc20,MC,intestine
intestine_E10.5_embryo1_sc21,MC,intestine
intestine_E10.5_embryo1_sc22,MC,intestine
intestine_E10.5_embryo1_sc25,MC,intestine
intestine_E10.5_embryo1_sc26,MC,intestine
intestine_E10.5_embryo1_sc27,MC,intestine
intestine_E10.5_embryo1_sc28,MC,intestine
intestine_E10.5_embryo1_sc29,MC,intestine
intestine_E10.5_embryo1_sc31,MC,intestine
intestine_E10.5_embryo1_sc32,MC,intestine
intestine_E10.5_embryo2_sc35,MC,intestine
intestine_E10.5_embryo2_sc39,MC,intestine
intestine_E10.5_embryo2_sc40,MC,intestine
intestine_E10.5_embryo2_sc42,MC,intestine
intestine_E10.5_embryo2_sc43,MC,intestine
intestine_E10.5_embryo2_sc44,MC,intestine
intestine_E10.5_embryo2_sc46,MC,intestine
intestine_E10.5_embryo2_sc47,MC,intestine
intestine_E10.5_embryo2_sc48,MC,intestine
intestine_E10.5_embryo2_sc49,MC,intestine
intestine_E10.5_embryo2_sc51,MC,intestine
intestine_E10.5_embryo2_sc52,MC,intestine
intestine_E10.5_embryo2_sc54,MC,intestine
intestine_E10.5_embryo2_sc55,MC,intestine
intestine_E10.5_embryo2_sc56,MC,intestine
intestine_E10.5_embryo2_sc57,MC,intestine
intestine_E10.5_embryo2_sc58,MC,intestine
intestine_E10.5_embryo2_sc59,MC,intestine
intestine_E10.5_embryo2_sc60,MC,intestine
intestine_E10.5_embryo2_sc63,MC,intestine
intestine_E11.5_embryo1_sc38,MC,intestine
intestine_E11.5_embryo1_sc46,MC,intestine
intestine_E11.5_embryo1_sc53,MC,intestine
intestine_E11.5_embryo1_sc55,MC,intestine
intestine_E11.5_embryo1_sc57,MC,intestine
intestine_E11.5_embryo1_sc60,MC,intestine
intestine_E11.5_embryo1_sc61,MC,intestine
intestine_E11.5_embryo2_sc66,MC,intestine
intestine_E11.5_embryo2_sc67,MC,intestine
intestine_E11.5_embryo2_sc72,MC,intestine
intestine_E11.5_embryo2_sc77,MC,intestine
intestine_E11.5_embryo2_sc81,MC,intestine
intestine_E11.5_embryo2_sc84,MC,intestine
intestine_E11.5_embryo2_sc92,MC,intestine
intestine_E11.5_embryo2_sc93,MC,intestine
liver_E9.5_embryo3_sc51,MC,liver
liver_E9.5_embryo3_sc52,MC,liver
liver_E9.5_embryo3_sc54,MC,liver
liver_E9.5_embryo3_sc56,MC,liver
liver_E9.5_embryo3_sc59,MC,liver
liver_E9.5_embryo3_sc61,MC,liver
liver_E9.5_embryo3_sc62,MC,liver
liver_E9.5_embryo3_sc63,MC,liver
liver_E9.5_embryo3_sc65,MC,liver
liver_E9.5_embryo3_sc68,MC,liver
liver_E9.5_embryo3_sc69,MC,liver
liver_E9.5_embryo3_sc70,MC,liver
liver_E9.5_embryo3_sc71,MC,liver
liver_E9.5_embryo3_sc73,MC,liver
liver_E9.5_embryo3_sc75,MC,liver
liver_E9.5_embryo3_sc76,MC,liver
liver_E9.5_embryo3_sc80,MC,liver
liver_E9.5_embryo3_sc81,MC,liver
liver_E9.5_embryo3_sc82,MC,liver
liver_E9.5_embryo3_sc86,MC,liver
liver_E9.5_embryo3_sc88,MC,liver
liver_E9.5_embryo3_sc89,MC,liver
liver_E9.5_embryo3_sc91,MC,liver
liver_E9.5_embryo1_sc51,MC,liver
liver_E9.5_embryo1_sc52,MC,liver
liver_E9.5_embryo1_sc53,MC,liver
liver_E9.5_embryo1_sc54,MC,liver
liver_E9.5_embryo1_sc56,MC,liver
liver_E9.5_embryo1_sc57,MC,liver
liver_E9.5_embryo1_sc58,MC,liver
liver_E9.5_embryo1_sc59,MC,liver
liver_E9.5_embryo1_sc60,MC,liver
liver_E9.5_embryo1_sc65,MC,liver
liver_E9.5_embryo1_sc66,MC,liver
liver_E9.5_embryo1_sc67,MC,liver
liver_E9.5_embryo1_sc69,MC,liver
liver_E9.5_embryo1_sc70,MC,liver
liver_E9.5_embryo1_sc71,MC,liver
liver_E9.5_embryo1_sc72,MC,liver
liver_E9.5_embryo1_sc75,MC,liver
liver_E9.5_embryo1_sc76,MC,liver
liver_E9.5_embryo1_sc77,MC,liver
liver_E9.5_embryo1_sc78,MC,liver
liver_E9.5_embryo1_sc79,MC,liver
liver_E9.5_embryo1_sc82,MC,liver
liver_E9.5_embryo1_sc83,MC,liver
liver_E9.5_embryo1_sc84,MC,liver
liver_E9.5_embryo1_sc85,MC,liver
liver_E9.5_embryo1_sc86,MC,liver
liver_E9.5_embryo1_sc87,MC,liver
liver_E9.5_embryo1_sc88,MC,liver
liver_E9.5_embryo1_sc89,MC,liver
liver_E9.5_embryo1_sc90,MC,liver
liver_E9.5_embryo1_sc91,MC,liver
liver_E9.5_embryo1_sc92,MC,liver
liver_E9.5_embryo1_sc93,MC,liver
liver_E9.5_embryo1_sc94,MC,liver
liver_E9.5_embryo2_sc2,MC,liver
liver_E9.5_embryo2_sc3,MC,liver
liver_E9.5_embryo2_sc8,MC,liver
liver_E9.5_embryo2_sc10,MC,liver
liver_E9.5_embryo2_sc11,MC,liver
liver_E9.5_embryo2_sc12,MC,liver
liver_E9.5_embryo2_sc15,MC,liver
liver_E9.5_embryo2_sc17,MC,liver
liver_E9.5_embryo2_sc18,MC,liver
liver_E9.5_embryo2_sc21,MC,liver
liver_E9.5_embryo2_sc22,MC,liver
liver_E9.5_embryo2_sc24,MC,liver
liver_E9.5_embryo2_sc25,MC,liver
liver_E9.5_embryo2_sc26,MC,liver
liver_E9.5_embryo2_sc27,MC,liver
liver_E9.5_embryo2_sc28,MC,liver
liver_E9.5_embryo2_sc29,MC,liver
liver_E9.5_embryo2_sc30,MC,liver
liver_E9.5_embryo2_sc31,MC,liver
liver_E9.5_embryo2_sc32,MC,liver
liver_E9.5_embryo2_sc33,MC,liver
liver_E9.5_embryo2_sc36,MC,liver
liver_E9.5_embryo2_sc37,MC,liver
liver_E9.5_embryo2_sc38,MC,liver
liver_E9.5_embryo2_sc39,MC,liver
liver_E9.5_embryo2_sc41,MC,liver
liver_E9.5_embryo2_sc42,MC,liver
liver_E9.5_embryo2_sc43,MC,liver
liver_E9.5_embryo2_sc44,MC,liver
liver_E9.5_embryo2_sc46,MC,liver
liver_E9.5_embryo2_sc47,MC,liver
liver_E9.5_embryo2_sc50,MC,liver
liver_E10.5_embryo1_sc33,MC,liver
liver_E10.5_embryo1_sc45,MC,liver
liver_E10.5_embryo2_sc70,MC,liver
lung_E9.5_embryo3_sc1,MC,lung
lung_E9.5_embryo3_sc2,MC,lung
lung_E9.5_embryo3_sc4,MC,lung
lung_E9.5_embryo3_sc5,MC,lung
lung_E9.5_embryo3_sc6,MC,lung
lung_E9.5_embryo3_sc7,MC,lung
lung_E9.5_embryo3_sc8,MC,lung
lung_E9.5_embryo3_sc9,MC,lung
lung_E9.5_embryo3_sc10,MC,lung
lung_E9.5_embryo3_sc11,MC,lung
lung_E9.5_embryo3_sc12,MC,lung
lung_E9.5_embryo3_sc13,MC,lung
lung_E9.5_embryo3_sc16,MC,lung
lung_E9.5_embryo3_sc17,MC,lung
lung_E9.5_embryo3_sc18,MC,lung
lung_E9.5_embryo3_sc19,MC,lung
lung_E9.5_embryo3_sc20,MC,lung
lung_E9.5_embryo3_sc21,MC,lung
lung_E9.5_embryo3_sc22,MC,lung
lung_E9.5_embryo3_sc24,MC,lung
lung_E9.5_embryo3_sc25,MC,lung
lung_E9.5_embryo3_sc26,MC,lung
lung_E9.5_embryo3_sc27,MC,lung
lung_E9.5_embryo3_sc31,MC,lung
lung_E9.5_embryo3_sc33,MC,lung
lung_E9.5_embryo3_sc36,MC,lung
lung_E9.5_embryo3_sc38,MC,lung
lung_E9.5_embryo3_sc39,MC,lung
lung_E9.5_embryo3_sc40,MC,lung
lung_E9.5_embryo3_sc42,MC,lung
lung_E9.5_embryo3_sc46,MC,lung
lung_E9.5_embryo3_sc47,MC,lung
lung_E9.5_embryo3_sc48,MC,lung
lung_E9.5_embryo2_sc2,MC,lung
lung_E9.5_embryo2_sc4,MC,lung
lung_E9.5_embryo2_sc6,MC,lung
lung_E9.5_embryo2_sc7,MC,lung
lung_E9.5_embryo2_sc8,MC,lung
lung_E9.5_embryo2_sc9,MC,lung
lung_E9.5_embryo2_sc10,MC,lung
lung_E9.5_embryo2_sc11,MC,lung
lung_E9.5_embryo2_sc12,MC,lung
lung_E9.5_embryo2_sc13,MC,lung
lung_E9.5_embryo2_sc14,MC,lung
lung_E9.5_embryo2_sc15,MC,lung
lung_E9.5_embryo2_sc16,MC,lung
lung_E9.5_embryo2_sc17,MC,lung
lung_E9.5_embryo2_sc18,MC,lung
lung_E9.5_embryo2_sc19,MC,lung
lung_E9.5_embryo2_sc20,MC,lung
lung_E9.5_embryo2_sc22,MC,lung
lung_E9.5_embryo2_sc24,MC,lung
lung_E9.5_embryo2_sc26,MC,lung
lung_E9.5_embryo2_sc27,MC,lung
lung_E9.5_embryo2_sc29,MC,lung
lung_E9.5_embryo2_sc30,MC,lung
lung_E9.5_embryo2_sc31,MC,lung
lung_E9.5_embryo2_sc32,MC,lung
lung_E9.5_embryo2_sc33,MC,lung
lung_E9.5_embryo2_sc35,MC,lung
lung_E9.5_embryo2_sc36,MC,lung
lung_E9.5_embryo2_sc37,MC,lung
lung_E9.5_embryo2_sc38,MC,lung
lung_E9.5_embryo2_sc39,MC,lung
lung_E9.5_embryo2_sc41,MC,lung
lung_E9.5_embryo2_sc42,MC,lung
lung_E9.5_embryo2_sc43,MC,lung
lung_E9.5_embryo2_sc44,MC,lung
lung_E9.5_embryo2_sc46,MC,lung
lung_E9.5_embryo2_sc47,MC,lung
lung_E9.5_embryo2_sc48,MC,lung
lung_E9.5_embryo2_sc49,MC,lung
lung_E9.5_embryo2_sc50,MC,lung
lung_E10.5_embryo2_sc4,MC,lung
lung_E10.5_embryo2_sc6,MC,lung
lung_E10.5_embryo2_sc7,MC,lung
lung_E10.5_embryo2_sc8,MC,lung
lung_E10.5_embryo2_sc9,MC,lung
lung_E10.5_embryo2_sc10,MC,lung
lung_E10.5_embryo2_sc12,MC,lung
lung_E10.5_embryo2_sc13,MC,lung
lung_E10.5_embryo2_sc15,MC,lung
lung_E10.5_embryo2_sc17,MC,lung
lung_E10.5_embryo2_sc18,MC,lung
lung_E10.5_embryo2_sc20,MC,lung
lung_E10.5_embryo2_sc22,MC,lung
lung_E10.5_embryo2_sc26,MC,lung
lung_E10.5_embryo2_sc27,MC,lung
lung_E10.5_embryo2_sc30,MC,lung
lung_E10.5_embryo2_sc32,MC,lung
lung_E10.5_embryo1_sc65,MC,lung
lung_E10.5_embryo1_sc66,MC,lung
lung_E10.5_embryo1_sc67,MC,lung
lung_E10.5_embryo1_sc68,MC,lung
lung_E10.5_embryo1_sc69,MC,lung
lung_E10.5_embryo1_sc70,MC,lung
lung_E10.5_embryo1_sc72,MC,lung
lung_E10.5_embryo1_sc73,MC,lung
lung_E10.5_embryo1_sc74,MC,lung
lung_E10.5_embryo1_sc77,MC,lung
lung_E10.5_embryo1_sc80,MC,lung
lung_E10.5_embryo1_sc81,MC,lung
lung_E10.5_embryo1_sc83,MC,lung
lung_E10.5_embryo1_sc85,MC,lung
lung_E10.5_embryo1_sc87,MC,lung
lung_E10.5_embryo1_sc88,MC,lung
lung_E10.5_embryo1_sc89,MC,lung
lung_E10.5_embryo1_sc90,MC,lung
lung_E10.5_embryo1_sc91,MC,lung
lung_E10.5_embryo1_sc92,MC,lung
lung_E10.5_embryo1_sc93,MC,lung
lung_E10.5_embryo1_sc95,MC,lung
lung_E10.5_embryo1_sc96,MC,lung
lung_E11.5_embryo1_sc1,MC,lung
lung_E11.5_embryo1_sc2,MC,lung
lung_E11.5_embryo1_sc4,MC,lung
lung_E11.5_embryo1_sc5,MC,lung
lung_E11.5_embryo1_sc11,MC,lung
lung_E11.5_embryo1_sc13,MC,lung
lung_E11.5_embryo1_sc20,MC,lung
lung_E11.5_embryo1_sc30,MC,lung
lung_E11.5_embryo2_sc33,MC,lung
lung_E11.5_embryo2_sc35,MC,lung
lung_E11.5_embryo2_sc36,MC,lung
lung_E11.5_embryo2_sc37,MC,lung
lung_E11.5_embryo2_sc38,MC,lung
lung_E11.5_embryo2_sc42,MC,lung
lung_E11.5_embryo2_sc43,MC,lung
lung_E11.5_embryo2_sc45,MC,lung
lung_E11.5_embryo2_sc46,MC,lung
lung_E11.5_embryo2_sc47,MC,lung
lung_E11.5_embryo2_sc48,MC,lung
lung_E11.5_embryo2_sc49,MC,lung
lung_E11.5_embryo2_sc50,MC,lung
lung_E11.5_embryo2_sc51,MC,lung
lung_E11.5_embryo2_sc52,MC,lung
lung_E11.5_embryo2_sc53,MC,lung
lung_E11.5_embryo2_sc54,MC,lung
lung_E11.5_embryo2_sc55,MC,lung
lung_E11.5_embryo2_sc56,MC,lung
lung_E11.5_embryo2_sc57,MC,lung
lung_E11.5_embryo2_sc59,MC,lung
lung_E11.5_embryo2_sc61,MC,lung
lung_E11.5_embryo2_sc62,MC,lung
lung_E11.5_embryo2_sc63,MC,lung
lung_E11.5_embryo2_sc64,MC,lung
hindbrain_E9.5_embryo2_sc67,MC,hindbrain
hindbrain_E9.5_embryo2_sc86,MC,hindbrain
hindbrain_E10.5_embryo2_sc65,MC,hindbrain
skin_E9.5_embryo3_sc2,MC,skin
skin_E9.5_embryo3_sc3,MC,skin
skin_E9.5_embryo3_sc5,MC,skin
skin_E9.5_embryo3_sc6,MC,skin
skin_E9.5_embryo3_sc8,MC,skin
skin_E9.5_embryo3_sc11,MC,skin
skin_E9.5_embryo3_sc12,MC,skin
skin_E9.5_embryo3_sc13,MC,skin
skin_E9.5_embryo3_sc14,MC,skin
skin_E9.5_embryo3_sc15,MC,skin
skin_E9.5_embryo3_sc18,MC,skin
skin_E9.5_embryo3_sc21,MC,skin
skin_E9.5_embryo3_sc27,MC,skin
skin_E9.5_embryo3_sc28,MC,skin
skin_E9.5_embryo3_sc29,MC,skin
skin_E9.5_embryo3_sc30,MC,skin
skin_E9.5_embryo3_sc31,MC,skin
skin_E9.5_embryo2_sc1,MC,skin
skin_E9.5_embryo2_sc2,MC,skin
skin_E9.5_embryo2_sc4,MC,skin
skin_E9.5_embryo2_sc5,MC,skin
skin_E9.5_embryo2_sc6,MC,skin
skin_E9.5_embryo2_sc7,MC,skin
skin_E9.5_embryo2_sc8,MC,skin
skin_E9.5_embryo2_sc9,MC,skin
skin_E9.5_embryo2_sc10,MC,skin
skin_E9.5_embryo2_sc11,MC,skin
skin_E9.5_embryo2_sc12,MC,skin
skin_E9.5_embryo2_sc13,MC,skin
skin_E9.5_embryo2_sc14,MC,skin
skin_E9.5_embryo2_sc15,MC,skin
skin_E9.5_embryo2_sc17,MC,skin
skin_E9.5_embryo2_sc19,MC,skin
skin_E9.5_embryo2_sc21,MC,skin
skin_E9.5_embryo2_sc22,MC,skin
skin_E9.5_embryo2_sc24,MC,skin
skin_E9.5_embryo2_sc25,MC,skin
skin_E9.5_embryo2_sc26,MC,skin
skin_E9.5_embryo2_sc27,MC,skin
skin_E9.5_embryo2_sc28,MC,skin
skin_E9.5_embryo2_sc29,MC,skin
skin_E9.5_embryo2_sc33,MC,skin
skin_E9.5_embryo2_sc36,MC,skin
skin_E9.5_embryo2_sc38,MC,skin
skin_E10.5_embryo1_sc1,MC,skin
skin_E10.5_embryo1_sc4,MC,skin
skin_E10.5_embryo1_sc5,MC,skin
skin_E10.5_embryo1_sc6,MC,skin
skin_E10.5_embryo1_sc7,MC,skin
skin_E10.5_embryo1_sc8,MC,skin
skin_E10.5_embryo1_sc17,MC,skin
skin_E10.5_embryo1_sc18,MC,skin
skin_E10.5_embryo1_sc19,MC,skin
skin_E10.5_embryo1_sc22,MC,skin
skin_E10.5_embryo1_sc26,MC,skin
skin_E10.5_embryo1_sc28,MC,skin
skin_E10.5_embryo1_sc30,MC,skin
skin_E10.5_embryo1_sc31,MC,skin
skin_E10.5_embryo1_sc32,MC,skin
skin_E10.5_embryo2_sc33,MC,skin
skin_E10.5_embryo2_sc35,MC,skin
skin_E10.5_embryo2_sc40,MC,skin
skin_E10.5_embryo2_sc42,MC,skin
skin_E10.5_embryo2_sc43,MC,skin
skin_E10.5_embryo2_sc48,MC,skin
skin_E10.5_embryo2_sc50,MC,skin
skin_E10.5_embryo2_sc51,MC,skin
skin_E10.5_embryo2_sc52,MC,skin
skin_E10.5_embryo2_sc55,MC,skin
skin_E10.5_embryo2_sc56,MC,skin
skin_E10.5_embryo2_sc57,MC,skin
skin_E10.5_embryo2_sc58,MC,skin
skin_E10.5_embryo2_sc60,MC,skin
skin_E10.5_embryo2_sc61,MC,skin
skin_E10.5_embryo2_sc62,MC,skin
skin_E10.5_embryo2_sc64,MC,skin
skin_E11.5_embryo2_sc8,MC,skin
skin_E11.5_embryo2_sc15,MC,skin
skin_E11.5_embryo2_sc16,MC,skin
skin_E11.5_embryo2_sc22,MC,skin
skin_E11.5_embryo1_sc66,MC,skin
skin_E11.5_embryo1_sc67,MC,skin
skin_E11.5_embryo1_sc68,MC,skin
skin_E11.5_embryo1_sc69,MC,skin
skin_E11.5_embryo1_sc71,MC,skin
skin_E11.5_embryo1_sc73,MC,skin
skin_E11.5_embryo1_sc75,MC,skin
skin_E11.5_embryo1_sc81,MC,skin
skin_E11.5_embryo1_sc82,MC,skin
skin_E11.5_embryo1_sc83,MC,skin
skin_E11.5_embryo1_sc89,MC,skin
somite_E9.5_embryo3_sc65,MC,somite
somite_E9.5_embryo3_sc66,MC,somite
somite_E9.5_embryo3_sc67,MC,somite
somite_E9.5_embryo3_sc68,MC,somite
somite_E9.5_embryo3_sc69,MC,somite
somite_E9.5_embryo3_sc70,MC,somite
somite_E9.5_embryo3_sc71,MC,somite
somite_E9.5_embryo3_sc72,MC,somite
somite_E9.5_embryo3_sc73,MC,somite
somite_E9.5_embryo3_sc74,MC,somite
somite_E9.5_embryo3_sc75,MC,somite
somite_E9.5_embryo3_sc76,MC,somite
somite_E9.5_embryo3_sc77,MC,somite
somite_E9.5_embryo3_sc78,MC,somite
somite_E9.5_embryo3_sc79,MC,somite
somite_E9.5_embryo3_sc81,MC,somite
somite_E9.5_embryo3_sc82,MC,somite
somite_E9.5_embryo3_sc83,MC,somite
somite_E9.5_embryo3_sc84,MC,somite
somite_E9.5_embryo3_sc85,MC,somite
somite_E9.5_embryo3_sc86,MC,somite
somite_E9.5_embryo3_sc87,MC,somite
somite_E9.5_embryo3_sc88,MC,somite
somite_E9.5_embryo3_sc89,MC,somite
somite_E9.5_embryo3_sc90,MC,somite
somite_E9.5_embryo3_sc91,MC,somite
somite_E9.5_embryo3_sc92,MC,somite
somite_E9.5_embryo3_sc93,MC,somite
somite_E9.5_embryo3_sc94,MC,somite
somite_E9.5_embryo3_sc95,MC,somite
somite_E9.5_embryo3_sc96,MC,somite
somite_E9.5_embryo1_sc51,MC,somite
somite_E9.5_embryo1_sc52,MC,somite
somite_E9.5_embryo1_sc53,MC,somite
somite_E9.5_embryo1_sc54,MC,somite
somite_E9.5_embryo1_sc55,MC,somite
somite_E9.5_embryo1_sc56,MC,somite
somite_E9.5_embryo1_sc57,MC,somite
somite_E9.5_embryo1_sc58,MC,somite
somite_E9.5_embryo1_sc59,MC,somite
somite_E9.5_embryo1_sc60,MC,somite
somite_E9.5_embryo1_sc61,MC,somite
somite_E9.5_embryo1_sc62,MC,somite
somite_E9.5_embryo1_sc63,MC,somite
somite_E9.5_embryo1_sc64,MC,somite
somite_E9.5_embryo1_sc65,MC,somite
somite_E9.5_embryo1_sc66,MC,somite
somite_E9.5_embryo1_sc67,MC,somite
somite_E9.5_embryo1_sc68,MC,somite
somite_E9.5_embryo1_sc69,MC,somite
somite_E9.5_embryo1_sc70,MC,somite
somite_E9.5_embryo1_sc71,MC,somite
somite_E9.5_embryo1_sc72,MC,somite
somite_E9.5_embryo1_sc73,MC,somite
somite_E9.5_embryo1_sc74,MC,somite
somite_E9.5_embryo2_sc1,MC,somite
somite_E9.5_embryo2_sc4,MC,somite
somite_E9.5_embryo2_sc5,MC,somite
somite_E9.5_embryo2_sc6,MC,somite
somite_E9.5_embryo2_sc7,MC,somite
somite_E9.5_embryo2_sc8,MC,somite
somite_E9.5_embryo2_sc9,MC,somite
somite_E9.5_embryo2_sc10,MC,somite
somite_E9.5_embryo2_sc12,MC,somite
somite_E9.5_embryo2_sc13,MC,somite
somite_E9.5_embryo2_sc15,MC,somite
somite_E9.5_embryo2_sc16,MC,somite
somite_E9.5_embryo2_sc17,MC,somite
somite_E9.5_embryo2_sc20,MC,somite
somite_E9.5_embryo2_sc21,MC,somite
somite_E9.5_embryo2_sc24,MC,somite
somite_E9.5_embryo2_sc25,MC,somite
somite_E9.5_embryo2_sc27,MC,somite
somite_E9.5_embryo2_sc28,MC,somite
somite_E9.5_embryo2_sc29,MC,somite
somite_E9.5_embryo2_sc30,MC,somite
somite_E9.5_embryo2_sc31,MC,somite
somite_E9.5_embryo2_sc32,MC,somite
somite_E9.5_embryo2_sc33,MC,somite
somite_E9.5_embryo2_sc35,MC,somite
somite_E9.5_embryo2_sc37,MC,somite
somite_E10.5_embryo1_sc33,MC,somite
somite_E10.5_embryo1_sc35,MC,somite
somite_E10.5_embryo1_sc36,MC,somite
somite_E10.5_embryo1_sc37,MC,somite
somite_E10.5_embryo1_sc38,MC,somite
somite_E10.5_embryo1_sc39,MC,somite
somite_E10.5_embryo1_sc40,MC,somite
somite_E10.5_embryo1_sc41,MC,somite
somite_E10.5_embryo1_sc42,MC,somite
somite_E10.5_embryo1_sc43,MC,somite
somite_E10.5_embryo1_sc44,MC,somite
somite_E10.5_embryo1_sc45,MC,somite
somite_E10.5_embryo1_sc46,MC,somite
somite_E10.5_embryo1_sc47,MC,somite
somite_E10.5_embryo1_sc48,MC,somite
somite_E10.5_embryo1_sc49,MC,somite
somite_E10.5_embryo1_sc50,MC,somite
somite_E10.5_embryo1_sc51,MC,somite
somite_E10.5_embryo1_sc52,MC,somite
somite_E10.5_embryo1_sc53,MC,somite
somite_E10.5_embryo1_sc54,MC,somite
somite_E10.5_embryo1_sc55,MC,somite
somite_E10.5_embryo1_sc56,MC,somite
somite_E10.5_embryo1_sc57,MC,somite
somite_E10.5_embryo1_sc58,MC,somite
somite_E10.5_embryo1_sc59,MC,somite
somite_E10.5_embryo1_sc60,MC,somite
somite_E10.5_embryo1_sc61,MC,somite
somite_E10.5_embryo1_sc62,MC,somite
somite_E10.5_embryo1_sc63,MC,somite
somite_E10.5_embryo1_sc64,MC,somite
somite_E10.5_embryo2_sc65,MC,somite
somite_E10.5_embryo2_sc66,MC,somite
somite_E10.5_embryo2_sc68,MC,somite
somite_E10.5_embryo2_sc69,MC,somite
somite_E10.5_embryo2_sc70,MC,somite
somite_E10.5_embryo2_sc71,MC,somite
somite_E10.5_embryo2_sc72,MC,somite
somite_E10.5_embryo2_sc73,MC,somite
somite_E10.5_embryo2_sc74,MC,somite
somite_E10.5_embryo2_sc76,MC,somite
somite_E10.5_embryo2_sc77,MC,somite
somite_E10.5_embryo2_sc78,MC,somite
somite_E10.5_embryo2_sc79,MC,somite
somite_E10.5_embryo2_sc80,MC,somite
somite_E10.5_embryo2_sc81,MC,somite
somite_E10.5_embryo2_sc82,MC,somite
somite_E10.5_embryo2_sc83,MC,somite
somite_E10.5_embryo2_sc84,MC,somite
somite_E10.5_embryo2_sc85,MC,somite
somite_E10.5_embryo2_sc86,MC,somite
somite_E10.5_embryo2_sc87,MC,somite
somite_E10.5_embryo2_sc88,MC,somite
somite_E10.5_embryo2_sc89,MC,somite
somite_E10.5_embryo2_sc90,MC,somite
somite_E10.5_embryo2_sc91,MC,somite
somite_E10.5_embryo2_sc92,MC,somite
somite_E10.5_embryo2_sc93,MC,somite
somite_E10.5_embryo2_sc94,MC,somite
somite_E10.5_embryo2_sc95,MC,somite
somite_E10.5_embryo2_sc96,MC,somite
somite_E11.5_embryo1_sc33,MC,somite
somite_E11.5_embryo1_sc35,MC,somite
somite_E11.5_embryo1_sc36,MC,somite
somite_E11.5_embryo1_sc37,MC,somite
somite_E11.5_embryo1_sc38,MC,somite
somite_E11.5_embryo1_sc39,MC,somite
somite_E11.5_embryo1_sc40,MC,somite
somite_E11.5_embryo1_sc42,MC,somite
somite_E11.5_embryo1_sc43,MC,somite
somite_E11.5_embryo1_sc44,MC,somite
somite_E11.5_embryo1_sc45,MC,somite
somite_E11.5_embryo1_sc46,MC,somite
somite_E11.5_embryo1_sc47,MC,somite
somite_E11.5_embryo1_sc48,MC,somite
somite_E11.5_embryo1_sc49,MC,somite
somite_E11.5_embryo1_sc50,MC,somite
somite_E11.5_embryo1_sc51,MC,somite
somite_E11.5_embryo1_sc52,MC,somite
somite_E11.5_embryo1_sc53,MC,somite
somite_E11.5_embryo1_sc54,MC,somite
somite_E11.5_embryo1_sc55,MC,somite
somite_E11.5_embryo1_sc56,MC,somite
somite_E11.5_embryo1_sc57,MC,somite
somite_E11.5_embryo1_sc58,MC,somite
somite_E11.5_embryo1_sc59,MC,somite
somite_E11.5_embryo1_sc61,MC,somite
somite_E11.5_embryo1_sc62,MC,somite
somite_E11.5_embryo1_sc63,MC,somite
somite_E11.5_embryo1_sc64,MC,somite
somite_E11.5_embryo2_sc65,MC,somite
somite_E11.5_embryo2_sc67,MC,somite
somite_E11.5_embryo2_sc68,MC,somite
somite_E11.5_embryo2_sc69,MC,somite
somite_E11.5_embryo2_sc70,MC,somite
somite_E11.5_embryo2_sc71,MC,somite
somite_E11.5_embryo2_sc72,MC,somite
somite_E11.5_embryo2_sc73,MC,somite
somite_E11.5_embryo2_sc74,MC,somite
somite_E11.5_embryo2_sc75,MC,somite
somite_E11.5_embryo2_sc76,MC,somite
somite_E11.5_embryo2_sc77,MC,somite
somite_E11.5_embryo2_sc78,MC,somite
somite_E11.5_embryo2_sc79,MC,somite
somite_E11.5_embryo2_sc80,MC,somite
somite_E11.5_embryo2_sc81,MC,somite
somite_E11.5_embryo2_sc82,MC,somite
somite_E11.5_embryo2_sc83,MC,somite
somite_E11.5_embryo2_sc84,MC,somite
somite_E11.5_embryo2_sc85,MC,somite
somite_E11.5_embryo2_sc86,MC,somite
somite_E11.5_embryo2_sc87,MC,somite
somite_E11.5_embryo2_sc88,MC,somite
somite_E11.5_embryo2_sc89,MC,somite
somite_E11.5_embryo2_sc90,MC,somite
somite_E11.5_embryo2_sc91,MC,somite
somite_E11.5_embryo2_sc92,MC,somite
somite_E11.5_embryo2_sc93,MC,somite
somite_E11.5_embryo2_sc94,MC,somite
somite_E11.5_embryo2_sc95,MC,somite
somite_E11.5_embryo2_sc96,MC,somite